example_id,turn_index,edit_class,edit_class_recorded,delta_mismatch,n_unrecorded_removed,n_unrecorded_added,answer_changed,modification_type
ex_1006,1,removal,removal,False,0,0,True,FLIP
ex_1006,2,removal,removal,False,0,0,True,FLIP
ex_1006,3,removal,removal,False,0,0,True,FLIP
ex_1006,4,removal,removal,False,0,0,True,FLIP
ex_1006,5,removal,add_only,True,1,0,False,INVARIANT
ex_1006,6,removal,removal,False,0,0,True,FLIP
ex_1006,7,add_only,add_only,False,0,0,False,INVARIANT
ex_1010,1,removal,removal,False,0,0,False,INVARIANT
ex_1010,2,removal,removal,False,0,0,True,FLIP
ex_1010,3,removal,removal,False,0,0,True,FLIP
ex_1010,4,removal,removal,True,0,2,False,INVARIANT
ex_1010,5,removal,removal,False,0,0,False,INVARIANT
ex_1010,6,removal,removal,False,0,0,True,FLIP
ex_1010,7,removal,removal,True,1,1,True,FLIP
ex_1011,1,removal,removal,False,0,0,True,FLIP
ex_1011,2,removal,removal,False,0,0,True,FLIP
ex_1011,3,removal,removal,False,0,0,False,INVARIANT
ex_1011,4,removal,removal,False,0,0,False,INVARIANT
ex_1011,5,removal,removal,False,0,0,True,FLIP
ex_1011,6,removal,add_only,True,1,0,True,FLIP
ex_1011,7,removal,removal,False,0,0,True,FLIP
ex_1016,1,removal,removal,False,0,0,True,FLIP
ex_1016,2,removal,removal,True,0,2,True,FLIP
ex_1016,3,add_only,add_only,False,0,0,False,INVARIANT
ex_1016,4,add_only,add_only,False,0,0,False,INVARIANT
ex_1016,5,removal,removal,False,0,0,True,FLIP
ex_1016,6,removal,removal,True,0,1,True,FLIP
ex_1016,7,add_only,removal,True,0,0,True,FLIP
ex_1026,1,removal,removal,True,1,0,True,FLIP
ex_1026,2,add_only,add_only,False,0,0,False,INVARIANT
ex_1026,3,removal,removal,True,0,1,False,INVARIANT
ex_1026,4,removal,removal,False,0,0,True,FLIP
ex_1026,5,removal,removal,False,0,0,True,FLIP
ex_1026,6,removal,removal,False,0,0,True,FLIP
ex_1026,7,removal,removal,True,1,1,False,INVARIANT
ex_1056,1,removal,removal,False,0,0,True,FLIP
ex_1056,2,removal,removal,True,0,1,False,INVARIANT
ex_1056,3,add_only,add_only,False,0,0,False,INVARIANT
ex_1056,4,add_only,add_only,False,0,0,False,INVARIANT
ex_1056,5,removal,removal,False,0,0,True,FLIP
ex_1056,6,add_only,add_only,False,0,0,False,INVARIANT
ex_1056,7,removal,removal,True,0,1,True,FLIP
ex_1071,1,removal,removal,False,0,0,True,FLIP
ex_1071,2,removal,removal,False,0,0,False,INVARIANT
ex_1071,3,removal,removal,False,0,0,True,FLIP
ex_1071,4,add_only,add_only,False,0,0,False,INVARIANT
ex_1071,5,add_only,add_only,False,0,0,False,INVARIANT
ex_1071,6,add_only,add_only,False,0,0,False,INVARIANT
ex_1071,7,removal,removal,False,0,0,True,FLIP
ex_1095,1,add_only,add_only,False,0,0,False,INVARIANT
ex_1095,2,removal,removal,True,0,2,False,INVARIANT
ex_1095,3,removal,removal,False,0,0,True,FLIP
ex_1095,4,removal,removal,False,0,0,True,FLIP
ex_1095,5,removal,removal,False,0,0,True,FLIP
ex_1095,6,add_only,add_only,False,0,0,False,INVARIANT
ex_1095,7,add_only,add_only,False,0,0,False,INVARIANT
ex_1103,1,removal,removal,True,2,2,True,FLIP
ex_1103,2,removal,removal,False,0,0,False,INVARIANT
ex_1103,3,removal,removal,False,0,0,True,FLIP
ex_1103,4,removal,removal,False,0,0,True,FLIP
ex_1103,5,removal,add_only,True,5,5,False,INVARIANT
ex_1103,6,removal,removal,False,0,0,True,FLIP
ex_1103,7,add_only,add_only,False,0,0,False,INVARIANT
ex_1112,1,removal,add_only,True,2,2,False,INVARIANT
ex_1112,2,removal,removal,False,0,0,True,FLIP
ex_1112,3,removal,removal,False,0,0,True,FLIP
ex_1112,4,removal,removal,False,0,0,True,FLIP
ex_1112,5,add_only,add_only,False,0,0,False,INVARIANT
ex_1112,6,removal,removal,False,0,0,True,FLIP
ex_1112,7,removal,removal,False,0,0,True,FLIP
ex_1122,1,removal,removal,False,0,0,False,INVARIANT
ex_1122,2,add_only,add_only,False,0,0,False,INVARIANT
ex_1122,3,add_only,add_only,False,0,0,False,INVARIANT
ex_1122,4,add_only,add_only,False,0,0,False,INVARIANT
ex_1122,5,removal,removal,True,2,1,True,FLIP
ex_1122,6,add_only,add_only,False,0,0,False,INVARIANT
ex_1122,7,removal,removal,True,6,4,True,FLIP
ex_1187,1,removal,removal,False,0,0,True,FLIP
ex_1187,2,removal,removal,False,0,0,True,FLIP
ex_1187,3,add_only,add_only,False,0,0,False,INVARIANT
ex_1187,4,removal,removal,False,0,0,True,FLIP
ex_1187,5,removal,removal,False,0,0,True,FLIP
ex_1187,6,add_only,add_only,False,0,0,False,INVARIANT
ex_1187,7,removal,removal,False,0,0,True,FLIP
ex_1217,1,removal,removal,False,0,0,True,FLIP
ex_1217,2,add_only,add_only,False,0,0,False,INVARIANT
ex_1217,3,removal,removal,False,0,0,True,FLIP
ex_1217,4,add_only,add_only,False,0,0,False,INVARIANT
ex_1217,5,removal,removal,False,0,0,True,FLIP
ex_1217,6,removal,removal,False,0,0,True,FLIP
ex_1217,7,removal,removal,False,0,0,True,FLIP
ex_1240,1,removal,removal,True,0,2,False,INVARIANT
ex_1240,2,add_only,add_only,False,0,0,False,INVARIANT
ex_1240,3,removal,removal,False,0,0,True,FLIP
ex_1240,4,removal,removal,True,1,0,True,FLIP
ex_1240,5,add_only,add_only,False,0,0,False,INVARIANT
ex_1240,6,removal,add_only,True,1,1,False,INVARIANT
ex_1240,7,add_only,add_only,False,0,0,False,INVARIANT
ex_1247,1,removal,removal,False,0,0,True,FLIP
ex_1247,2,removal,removal,False,0,0,False,INVARIANT
ex_1247,3,removal,removal,False,0,0,False,INVARIANT
ex_1247,4,removal,removal,False,0,0,True,FLIP
ex_1247,5,removal,removal,False,0,0,False,INVARIANT
ex_1247,6,removal,removal,False,0,0,True,FLIP
ex_1247,7,add_only,add_only,False,0,0,False,INVARIANT
ex_1261,1,removal,removal,False,0,0,False,INVARIANT
ex_1261,2,removal,removal,True,0,1,False,INVARIANT
ex_1261,3,removal,removal,True,0,1,False,INVARIANT
ex_1261,4,removal,removal,False,0,0,False,INVARIANT
ex_1261,5,removal,removal,False,0,0,True,FLIP
ex_1261,6,removal,removal,False,0,0,True,FLIP
ex_1261,7,removal,removal,False,0,0,True,FLIP
ex_1427,1,add_only,add_only,False,0,0,False,INVARIANT
ex_1427,2,removal,removal,False,0,0,True,FLIP
ex_1427,3,add_only,add_only,False,0,0,False,INVARIANT
ex_1427,4,removal,removal,False,0,0,True,FLIP
ex_1427,5,removal,removal,False,0,0,True,FLIP
ex_1427,6,removal,removal,False,0,0,True,FLIP
ex_1427,7,removal,removal,False,0,0,False,INVARIANT
ex_1437,1,removal,removal,False,0,0,True,FLIP
ex_1437,2,removal,removal,False,0,0,True,FLIP
ex_1437,3,add_only,add_only,False,0,0,False,INVARIANT
ex_1437,4,add_only,add_only,False,0,0,False,INVARIANT
ex_1437,5,add_only,add_only,False,0,0,False,INVARIANT
ex_1437,6,add_only,add_only,False,0,0,False,INVARIANT
ex_1437,7,add_only,add_only,False,0,0,False,INVARIANT
ex_1447,1,removal,removal,False,0,0,True,FLIP
ex_1447,2,add_only,add_only,False,0,0,False,INVARIANT
ex_1447,3,add_only,add_only,False,0,0,False,INVARIANT
ex_1447,4,removal,removal,False,0,0,True,FLIP
ex_1447,5,removal,removal,False,0,0,True,FLIP
ex_1447,6,removal,removal,False,0,0,True,FLIP
ex_1447,7,removal,add_only,True,1,0,False,INVARIANT
ex_1456,1,add_only,add_only,False,0,0,False,INVARIANT
ex_1456,2,removal,removal,False,0,0,True,FLIP
ex_1456,3,removal,removal,False,0,0,True,FLIP
ex_1456,4,removal,removal,False,0,0,False,INVARIANT
ex_1456,5,removal,removal,True,0,1,False,INVARIANT
ex_1456,6,removal,removal,False,0,0,True,FLIP
ex_1456,7,add_only,add_only,False,0,0,False,INVARIANT
ex_1457,1,add_only,add_only,False,0,0,False,INVARIANT
ex_1457,2,removal,removal,False,0,0,True,FLIP
ex_1457,3,removal,removal,False,0,0,True,FLIP
ex_1457,4,removal,removal,False,0,0,True,FLIP
ex_1457,5,removal,removal,False,0,0,True,FLIP
ex_1457,6,removal,removal,False,0,0,True,FLIP
ex_1457,7,removal,removal,False,0,0,True,FLIP
ex_1471,1,removal,removal,False,0,0,True,FLIP
ex_1471,2,removal,removal,False,0,0,True,FLIP
ex_1471,3,removal,removal,False,0,0,True,FLIP
ex_1471,4,removal,removal,False,0,0,True,FLIP
ex_1471,5,removal,removal,False,0,0,True,FLIP
ex_1471,6,removal,removal,True,0,1,False,INVARIANT
ex_1471,7,add_only,add_only,False,0,0,False,INVARIANT
ex_1476,1,removal,removal,False,0,0,True,FLIP
ex_1476,2,removal,removal,False,0,0,True,FLIP
ex_1476,3,add_only,add_only,False,0,0,False,INVARIANT
ex_1476,4,none,add_only,True,0,0,False,INVARIANT
ex_1476,5,removal,removal,False,0,0,True,FLIP
ex_1476,6,removal,removal,False,0,0,True,FLIP
ex_1476,7,removal,removal,True,0,1,False,INVARIANT
ex_1477,1,add_only,add_only,False,0,0,False,INVARIANT
ex_1477,2,removal,removal,True,1,1,True,FLIP
ex_1477,3,removal,removal,False,0,0,True,FLIP
ex_1477,4,removal,removal,False,0,0,True,FLIP
ex_1477,5,removal,removal,False,0,0,True,FLIP
ex_1477,6,removal,removal,False,0,0,True,FLIP
ex_1477,7,add_only,add_only,False,0,0,False,INVARIANT
ex_1492,1,add_only,add_only,False,0,0,False,INVARIANT
ex_1492,2,removal,removal,False,0,0,True,FLIP
ex_1492,3,removal,removal,False,0,0,True,FLIP
ex_1492,4,removal,removal,False,0,0,False,INVARIANT
ex_1492,5,add_only,add_only,False,0,0,False,INVARIANT
ex_1492,6,removal,removal,False,0,0,True,FLIP
ex_1492,7,removal,removal,True,1,0,True,FLIP
ex_1513,1,removal,removal,False,0,0,True,FLIP
ex_1513,2,removal,removal,False,0,0,True,FLIP
ex_1513,3,removal,removal,False,0,0,True,FLIP
ex_1513,4,removal,removal,False,0,0,False,INVARIANT
ex_1513,5,removal,removal,False,0,0,True,FLIP
ex_1513,6,removal,removal,False,0,0,False,INVARIANT
ex_1513,7,removal,add_only,True,1,0,False,INVARIANT
ex_1523,1,add_only,add_only,False,0,0,False,INVARIANT
ex_1523,2,removal,removal,False,0,0,True,FLIP
ex_1523,3,add_only,add_only,False,0,0,False,INVARIANT
ex_1523,4,removal,removal,True,1,0,True,FLIP
ex_1523,5,removal,removal,False,0,0,True,FLIP
ex_1523,6,removal,removal,False,0,0,True,FLIP
ex_1523,7,add_only,add_only,False,0,0,False,INVARIANT
ex_1533,1,removal,removal,False,0,0,True,FLIP
ex_1533,2,removal,add_only,True,1,1,False,INVARIANT
ex_1533,3,removal,removal,False,0,0,True,FLIP
ex_1533,4,removal,removal,False,0,0,True,FLIP
ex_1533,5,add_only,add_only,False,0,0,False,INVARIANT
ex_1533,6,removal,removal,False,0,0,False,INVARIANT
ex_1533,7,removal,removal,True,0,2,False,INVARIANT
ex_1539,1,removal,removal,False,0,0,True,FLIP
ex_1539,2,removal,removal,False,0,0,False,INVARIANT
ex_1539,3,removal,removal,True,1,1,True,FLIP
ex_1539,4,add_only,add_only,False,0,0,False,INVARIANT
ex_1539,5,removal,add_only,True,1,1,False,INVARIANT
ex_1539,6,add_only,add_only,False,0,0,False,INVARIANT
ex_1539,7,removal,removal,False,0,0,True,FLIP
ex_1542,1,removal,removal,False,0,0,True,FLIP
ex_1542,2,removal,removal,False,0,0,True,FLIP
ex_1542,3,removal,removal,False,0,0,False,INVARIANT
ex_1542,4,removal,removal,False,0,0,True,FLIP
ex_1542,5,removal,removal,False,0,0,True,FLIP
ex_1542,6,removal,removal,False,0,0,False,INVARIANT
ex_1542,7,removal,removal,False,0,0,False,INVARIANT
ex_1543,1,removal,removal,True,1,1,True,FLIP
ex_1543,2,add_only,add_only,False,0,0,False,INVARIANT
ex_1543,3,add_only,add_only,False,0,0,False,INVARIANT
ex_1543,4,removal,removal,False,0,0,True,FLIP
ex_1543,5,removal,removal,True,1,2,False,INVARIANT
ex_1543,6,add_only,add_only,False,0,0,False,INVARIANT
ex_1543,7,add_only,add_only,False,0,0,False,INVARIANT
ex_1564,1,removal,removal,False,0,0,False,INVARIANT
ex_1564,2,removal,removal,True,1,0,True,FLIP
ex_1564,3,add_only,add_only,False,0,0,False,INVARIANT
ex_1564,4,add_only,add_only,False,0,0,False,INVARIANT
ex_1564,5,removal,removal,True,1,0,True,FLIP
ex_1564,6,removal,removal,False,0,0,True,FLIP
ex_1564,7,removal,removal,True,1,1,True,FLIP
ex_1568,1,removal,removal,False,0,0,False,INVARIANT
ex_1568,2,add_only,add_only,False,0,0,False,INVARIANT
ex_1568,3,removal,removal,False,0,0,True,FLIP
ex_1568,4,removal,removal,False,0,0,True,FLIP
ex_1568,5,removal,removal,True,0,2,False,INVARIANT
ex_1568,6,removal,removal,False,0,0,True,FLIP
ex_1568,7,add_only,add_only,False,0,0,False,INVARIANT
ex_1579,1,removal,removal,False,0,0,True,FLIP
ex_1579,2,removal,removal,False,0,0,True,FLIP
ex_1579,3,removal,removal,False,0,0,True,FLIP
ex_1579,4,removal,removal,False,0,0,True,FLIP
ex_1579,5,removal,removal,False,0,0,True,FLIP
ex_1579,6,removal,removal,False,0,0,False,INVARIANT
ex_1579,7,removal,removal,False,0,0,True,FLIP
ex_1621,1,removal,removal,False,0,0,True,FLIP
ex_1621,2,removal,removal,False,0,0,True,FLIP
ex_1621,3,removal,removal,False,0,0,False,INVARIANT
ex_1621,4,add_only,add_only,False,0,0,False,INVARIANT
ex_1621,5,removal,removal,False,0,0,True,FLIP
ex_1621,6,removal,removal,False,0,0,False,INVARIANT
ex_1621,7,removal,removal,False,0,0,True,FLIP
ex_1636,1,removal,removal,True,0,1,True,FLIP
ex_1636,2,removal,removal,True,0,1,False,INVARIANT
ex_1636,3,removal,removal,False,0,0,True,FLIP
ex_1636,4,removal,removal,False,0,0,True,FLIP
ex_1636,5,removal,removal,False,0,0,True,FLIP
ex_1636,6,removal,removal,False,0,0,False,INVARIANT
ex_1636,7,removal,removal,False,0,0,True,FLIP
ex_1646,1,removal,removal,False,0,0,False,INVARIANT
ex_1646,2,add_only,add_only,False,0,0,False,INVARIANT
ex_1646,3,removal,removal,False,0,0,True,FLIP
ex_1646,4,removal,removal,True,1,1,True,FLIP
ex_1646,5,removal,removal,True,0,1,True,FLIP
ex_1646,6,removal,removal,True,0,1,False,INVARIANT
ex_1646,7,removal,removal,True,0,1,True,FLIP
ex_1666,1,removal,add_only,True,1,1,False,INVARIANT
ex_1666,2,removal,removal,False,0,0,True,FLIP
ex_1666,3,removal,removal,False,0,0,True,FLIP
ex_1666,4,add_only,add_only,False,0,0,False,INVARIANT
ex_1666,5,removal,removal,False,0,0,True,FLIP
ex_1666,6,removal,removal,False,0,0,True,FLIP
ex_1666,7,removal,removal,False,0,0,True,FLIP
ex_1705,1,removal,removal,False,0,0,True,FLIP
ex_1705,2,removal,removal,True,0,2,False,INVARIANT
ex_1705,3,removal,removal,False,0,0,True,FLIP
ex_1705,4,add_only,add_only,False,0,0,False,INVARIANT
ex_1705,5,add_only,add_only,False,0,0,False,INVARIANT
ex_1705,6,removal,removal,False,0,0,True,FLIP
ex_1705,7,removal,removal,False,0,0,True,FLIP
ex_1713,1,add_only,add_only,False,0,0,True,FLIP
ex_1713,2,removal,removal,False,0,0,True,FLIP
ex_1713,3,removal,removal,False,0,0,True,FLIP
ex_1713,4,removal,removal,False,0,0,True,FLIP
ex_1713,5,removal,removal,False,0,0,False,INVARIANT
ex_1713,6,removal,removal,False,0,0,False,INVARIANT
ex_1713,7,add_only,add_only,False,0,0,False,INVARIANT
ex_1724,1,removal,removal,False,0,0,False,INVARIANT
ex_1724,2,removal,removal,False,0,0,False,INVARIANT
ex_1724,3,add_only,add_only,False,0,0,False,INVARIANT
ex_1724,4,removal,removal,False,0,0,True,FLIP
ex_1724,5,removal,removal,False,0,0,False,INVARIANT
ex_1724,6,removal,removal,False,0,0,True,FLIP
ex_1724,7,removal,removal,True,0,0,False,INVARIANT
ex_1732,1,add_only,add_only,False,0,0,False,INVARIANT
ex_1732,2,add_only,add_only,False,0,0,False,INVARIANT
ex_1732,3,removal,removal,True,0,2,False,INVARIANT
ex_1732,4,add_only,add_only,False,0,0,False,INVARIANT
ex_1732,5,removal,removal,False,0,0,False,INVARIANT
ex_1732,6,removal,add_only,True,1,1,False,INVARIANT
ex_1732,7,removal,removal,True,1,1,True,FLIP
ex_1739,1,removal,removal,False,0,0,False,INVARIANT
ex_1739,2,removal,removal,False,0,0,False,INVARIANT
ex_1739,3,removal,removal,True,0,1,False,INVARIANT
ex_1739,4,add_only,add_only,False,0,0,False,INVARIANT
ex_1739,5,removal,removal,True,0,2,False,INVARIANT
ex_1739,6,add_only,add_only,False,0,0,False,INVARIANT
ex_1739,7,removal,removal,False,0,0,True,FLIP
ex_1754,1,removal,removal,False,0,0,False,INVARIANT
ex_1754,2,add_only,add_only,False,0,0,True,FLIP
ex_1754,3,removal,removal,False,0,0,False,INVARIANT
ex_1754,4,add_only,add_only,False,0,0,False,INVARIANT
ex_1754,5,add_only,add_only,False,0,0,False,INVARIANT
ex_1754,6,add_only,add_only,False,0,0,False,INVARIANT
ex_1754,7,add_only,add_only,False,0,0,False,INVARIANT
ex_177,1,none,none,False,0,0,False,INVARIANT
ex_177,2,removal,removal,False,0,0,False,INVARIANT
ex_177,3,add_only,add_only,False,0,0,False,INVARIANT
ex_177,4,removal,removal,True,1,2,True,FLIP
ex_177,5,removal,removal,False,0,0,True,FLIP
ex_177,6,removal,removal,False,0,0,True,FLIP
ex_177,7,removal,removal,False,0,0,True,FLIP
ex_1774,1,removal,add_only,True,2,2,False,INVARIANT
ex_1774,2,removal,removal,True,1,0,True,FLIP
ex_1774,3,removal,removal,False,0,0,False,INVARIANT
ex_1774,4,removal,removal,False,0,0,True,FLIP
ex_1774,5,removal,removal,False,0,0,True,FLIP
ex_1774,6,removal,removal,False,0,0,False,INVARIANT
ex_1774,7,removal,removal,False,0,0,True,FLIP
ex_1778,1,removal,removal,True,2,1,True,FLIP
ex_1778,2,removal,removal,False,0,0,False,INVARIANT
ex_1778,3,add_only,add_only,False,0,0,False,INVARIANT
ex_1778,4,removal,removal,False,0,0,True,FLIP
ex_1778,5,removal,removal,False,0,0,True,FLIP
ex_1778,6,removal,removal,False,0,0,True,FLIP
ex_1778,7,removal,removal,False,0,0,False,INVARIANT
ex_1786,1,add_only,add_only,False,0,0,False,INVARIANT
ex_1786,2,add_only,add_only,False,0,0,False,INVARIANT
ex_1786,3,removal,removal,True,0,1,False,INVARIANT
ex_1786,4,removal,removal,False,0,0,True,FLIP
ex_1786,5,add_only,add_only,False,0,0,False,INVARIANT
ex_1786,6,add_only,add_only,False,0,0,False,INVARIANT
ex_1786,7,removal,removal,False,0,0,True,FLIP
ex_1796,1,removal,removal,True,0,1,True,FLIP
ex_1796,2,removal,removal,False,0,0,True,FLIP
ex_1796,3,removal,removal,False,0,0,True,FLIP
ex_1796,4,removal,removal,False,0,0,True,FLIP
ex_1796,5,removal,removal,False,0,0,True,FLIP
ex_1796,6,removal,removal,False,0,0,True,FLIP
ex_1796,7,removal,removal,True,0,1,False,INVARIANT
ex_182,1,add_only,add_only,False,0,0,False,INVARIANT
ex_182,2,removal,removal,False,0,0,True,FLIP
ex_182,3,removal,removal,False,0,0,True,FLIP
ex_182,4,removal,removal,False,0,0,False,INVARIANT
ex_182,5,add_only,add_only,False,0,0,False,INVARIANT
ex_182,6,removal,removal,False,0,0,True,FLIP
ex_182,7,removal,removal,False,0,0,True,FLIP
ex_183,1,removal,removal,True,0,1,False,INVARIANT
ex_183,2,removal,removal,False,0,0,True,FLIP
ex_183,3,removal,removal,False,0,0,True,FLIP
ex_183,4,removal,removal,False,0,0,True,FLIP
ex_183,5,removal,removal,False,0,0,False,INVARIANT
ex_183,6,removal,removal,True,1,1,True,FLIP
ex_183,7,removal,removal,False,0,0,True,FLIP
ex_1882,1,removal,add_only,True,2,0,False,INVARIANT
ex_1882,2,removal,removal,True,0,1,False,INVARIANT
ex_1882,3,removal,removal,False,0,0,True,FLIP
ex_1882,4,add_only,add_only,False,0,0,False,INVARIANT
ex_1882,5,removal,removal,False,0,0,True,FLIP
ex_1882,6,removal,removal,True,1,1,False,INVARIANT
ex_1882,7,removal,removal,False,0,0,True,FLIP
ex_1898,1,add_only,add_only,False,0,0,False,INVARIANT
ex_1898,2,removal,removal,False,0,0,True,FLIP
ex_1898,3,removal,removal,True,0,1,False,INVARIANT
ex_1898,4,removal,removal,False,0,0,True,FLIP
ex_1898,5,removal,removal,False,0,0,True,FLIP
ex_1898,6,add_only,add_only,False,0,0,False,INVARIANT
ex_1898,7,add_only,add_only,False,0,0,False,INVARIANT
ex_1919,1,add_only,add_only,False,0,0,False,INVARIANT
ex_1919,2,removal,removal,False,0,0,True,FLIP
ex_1919,3,removal,removal,False,0,0,True,FLIP
ex_1919,4,removal,removal,False,0,0,True,FLIP
ex_1919,5,removal,removal,False,0,0,False,INVARIANT
ex_1919,6,add_only,add_only,False,0,0,False,INVARIANT
ex_1919,7,removal,removal,False,0,0,True,FLIP
ex_192,1,removal,removal,False,0,0,True,FLIP
ex_192,2,removal,removal,True,0,1,True,FLIP
ex_192,3,removal,removal,False,0,0,False,INVARIANT
ex_192,4,add_only,add_only,False,0,0,False,INVARIANT
ex_192,5,removal,removal,False,0,0,True,FLIP
ex_192,6,add_only,add_only,False,0,0,False,INVARIANT
ex_192,7,removal,removal,True,0,0,False,INVARIANT
ex_1924,1,add_only,add_only,False,0,0,False,INVARIANT
ex_1924,2,removal,removal,False,0,0,True,FLIP
ex_1924,3,removal,removal,False,0,0,True,FLIP
ex_1924,4,removal,removal,True,1,0,True,FLIP
ex_1924,5,removal,removal,True,0,0,True,FLIP
ex_1924,6,removal,removal,False,0,0,True,FLIP
ex_1924,7,add_only,add_only,False,0,0,False,INVARIANT
ex_1944,1,removal,removal,False,0,0,True,FLIP
ex_1944,2,removal,removal,False,0,0,True,FLIP
ex_1944,3,removal,removal,True,0,1,False,INVARIANT
ex_1944,4,removal,add_only,True,1,1,False,INVARIANT
ex_1944,5,removal,removal,False,0,0,True,FLIP
ex_1944,6,add_only,add_only,False,0,0,False,INVARIANT
ex_1944,7,removal,removal,False,0,0,True,FLIP
ex_1958,1,removal,removal,False,0,0,False,INVARIANT
ex_1958,2,removal,removal,False,0,0,True,FLIP
ex_1958,3,removal,removal,False,0,0,True,FLIP
ex_1958,4,removal,removal,False,0,0,False,INVARIANT
ex_1958,5,add_only,add_only,False,0,0,False,INVARIANT
ex_1958,6,removal,removal,False,0,0,True,FLIP
ex_1958,7,add_only,add_only,False,0,0,False,INVARIANT
ex_1973,1,removal,removal,False,0,0,True,FLIP
ex_1973,2,removal,removal,True,1,1,False,INVARIANT
ex_1973,3,removal,removal,False,0,0,False,INVARIANT
ex_1973,4,removal,removal,True,0,1,True,FLIP
ex_1973,5,add_only,add_only,False,0,0,False,INVARIANT
ex_1973,6,removal,removal,False,0,0,True,FLIP
ex_1973,7,add_only,add_only,False,0,0,False,INVARIANT
ex_198,1,removal,removal,False,0,0,False,INVARIANT
ex_198,2,removal,removal,False,0,0,True,FLIP
ex_198,3,removal,removal,True,1,0,True,FLIP
ex_198,4,removal,removal,False,0,0,False,INVARIANT
ex_198,5,removal,removal,False,0,0,True,FLIP
ex_198,6,removal,removal,False,0,0,True,FLIP
ex_198,7,removal,add_only,True,1,1,False,INVARIANT
ex_1990,1,removal,removal,False,0,0,True,FLIP
ex_1990,2,removal,removal,False,0,0,True,FLIP
ex_1990,3,removal,removal,False,0,0,True,FLIP
ex_1990,4,add_only,add_only,False,0,0,False,INVARIANT
ex_1990,5,add_only,add_only,False,0,0,False,INVARIANT
ex_1990,6,removal,removal,False,0,0,True,FLIP
ex_1990,7,add_only,add_only,False,0,0,False,INVARIANT
ex_2031,1,removal,removal,False,0,0,True,FLIP
ex_2031,2,add_only,add_only,False,0,0,False,INVARIANT
ex_2031,3,removal,removal,False,0,0,True,FLIP
ex_2031,4,add_only,add_only,False,0,0,False,INVARIANT
ex_2031,5,removal,removal,True,2,1,False,INVARIANT
ex_2031,6,add_only,removal,True,0,0,True,FLIP
ex_2031,7,removal,removal,False,0,0,True,FLIP
ex_2047,1,add_only,add_only,False,0,0,False,INVARIANT
ex_2047,2,add_only,add_only,False,0,0,False,INVARIANT
ex_2047,3,add_only,add_only,False,0,0,False,INVARIANT
ex_2047,4,add_only,add_only,False,0,0,False,INVARIANT
ex_2047,5,removal,removal,False,0,0,True,FLIP
ex_2047,6,removal,removal,False,0,0,True,FLIP
ex_2047,7,removal,removal,False,0,0,True,FLIP
ex_205,1,removal,removal,False,0,0,True,FLIP
ex_205,2,removal,removal,False,0,0,True,FLIP
ex_205,3,removal,removal,False,0,0,False,INVARIANT
ex_205,4,removal,removal,False,0,0,True,FLIP
ex_205,5,removal,removal,False,0,0,True,FLIP
ex_205,6,add_only,add_only,False,0,0,False,INVARIANT
ex_205,7,removal,removal,True,1,0,True,FLIP
ex_208,1,removal,removal,True,0,1,False,INVARIANT
ex_208,2,removal,removal,False,0,0,True,FLIP
ex_208,3,removal,removal,False,0,0,True,FLIP
ex_208,4,add_only,add_only,False,0,0,False,INVARIANT
ex_208,5,removal,removal,False,0,0,True,FLIP
ex_208,6,removal,removal,False,0,0,True,FLIP
ex_208,7,removal,removal,False,0,0,False,INVARIANT
ex_2082,1,removal,removal,False,0,0,True,FLIP
ex_2082,2,removal,removal,False,0,0,False,INVARIANT
ex_2082,3,removal,removal,False,0,0,False,INVARIANT
ex_2082,4,removal,removal,False,0,0,True,FLIP
ex_2082,5,removal,removal,False,0,0,True,FLIP
ex_2082,6,removal,removal,True,0,1,False,INVARIANT
ex_2082,7,add_only,add_only,False,0,0,False,INVARIANT
ex_209,1,removal,add_only,True,1,1,False,INVARIANT
ex_209,2,removal,removal,False,0,0,True,FLIP
ex_209,3,removal,removal,False,0,0,True,FLIP
ex_209,4,add_only,add_only,False,0,0,False,INVARIANT
ex_209,5,add_only,add_only,False,0,0,False,INVARIANT
ex_209,6,add_only,add_only,False,0,0,False,INVARIANT
ex_209,7,removal,removal,True,1,0,True,FLIP
ex_212,1,removal,add_only,True,1,1,False,INVARIANT
ex_212,2,removal,removal,True,1,0,True,FLIP
ex_212,3,removal,add_only,True,1,1,False,INVARIANT
ex_212,4,removal,removal,False,0,0,True,FLIP
ex_212,5,removal,removal,True,1,0,True,FLIP
ex_212,6,removal,removal,True,0,1,True,FLIP
ex_212,7,removal,none,True,1,1,True,FLIP
ex_2134,1,add_only,add_only,False,0,0,False,INVARIANT
ex_2134,2,removal,removal,False,0,0,True,FLIP
ex_2134,3,removal,add_only,True,2,0,False,INVARIANT
ex_2134,4,removal,removal,False,0,0,True,FLIP
ex_2134,5,removal,removal,False,0,0,True,FLIP
ex_2134,6,removal,removal,False,0,0,False,INVARIANT
ex_2134,7,removal,removal,False,0,0,False,INVARIANT
ex_2143,1,removal,removal,False,0,0,True,FLIP
ex_2143,2,removal,removal,False,0,0,True,FLIP
ex_2143,3,removal,removal,False,0,0,True,FLIP
ex_2143,4,removal,removal,True,0,1,True,FLIP
ex_2143,5,add_only,add_only,False,0,0,False,INVARIANT
ex_2143,6,add_only,add_only,False,0,0,False,INVARIANT
ex_2143,7,add_only,add_only,False,0,0,False,INVARIANT
ex_2149,1,removal,removal,False,0,0,True,FLIP
ex_2149,2,add_only,add_only,False,0,0,False,INVARIANT
ex_2149,3,removal,removal,True,0,1,True,FLIP
ex_2149,4,removal,removal,False,0,0,True,FLIP
ex_2149,5,add_only,add_only,False,0,0,False,INVARIANT
ex_2149,6,add_only,add_only,False,0,0,False,INVARIANT
ex_2149,7,add_only,add_only,False,0,0,False,INVARIANT
ex_2216,1,removal,removal,True,1,1,False,INVARIANT
ex_2216,2,removal,removal,False,0,0,False,INVARIANT
ex_2216,3,removal,removal,True,1,1,True,FLIP
ex_2216,4,add_only,add_only,False,0,0,False,INVARIANT
ex_2216,5,removal,removal,True,1,1,False,INVARIANT
ex_2216,6,removal,removal,True,0,1,False,INVARIANT
ex_2216,7,removal,removal,False,0,0,True,FLIP
ex_2226,1,removal,removal,True,1,0,True,FLIP
ex_2226,2,add_only,add_only,False,0,0,False,INVARIANT
ex_2226,3,removal,removal,False,0,0,True,FLIP
ex_2226,4,add_only,add_only,False,0,0,False,INVARIANT
ex_2226,5,removal,removal,True,0,0,True,FLIP
ex_2226,6,removal,removal,False,0,0,True,FLIP
ex_2226,7,removal,add_only,True,1,0,True,FLIP
ex_223,1,removal,removal,False,0,0,True,FLIP
ex_223,2,removal,removal,False,0,0,False,INVARIANT
ex_223,3,removal,removal,False,0,0,False,INVARIANT
ex_223,4,add_only,add_only,False,0,0,False,INVARIANT
ex_223,5,removal,removal,True,1,0,True,FLIP
ex_223,6,removal,removal,False,0,0,True,FLIP
ex_223,7,removal,removal,True,1,0,True,FLIP
ex_2231,1,removal,removal,False,0,0,True,FLIP
ex_2231,2,removal,removal,False,0,0,True,FLIP
ex_2231,3,removal,removal,False,0,0,True,FLIP
ex_2231,4,add_only,add_only,False,0,0,False,INVARIANT
ex_2231,5,add_only,add_only,False,0,0,False,INVARIANT
ex_2231,6,add_only,add_only,False,0,0,False,INVARIANT
ex_2231,7,removal,removal,False,0,0,True,FLIP
ex_2247,1,removal,removal,False,0,0,True,FLIP
ex_2247,2,removal,removal,False,0,0,True,FLIP
ex_2247,3,removal,removal,False,0,0,False,INVARIANT
ex_2247,4,add_only,removal,True,0,0,True,FLIP
ex_2247,5,removal,add_only,True,2,0,False,INVARIANT
ex_2247,6,add_only,add_only,False,0,0,False,INVARIANT
ex_2247,7,add_only,add_only,False,0,0,False,INVARIANT
ex_2250,1,removal,add_only,True,1,1,False,INVARIANT
ex_2250,2,removal,removal,False,0,0,True,FLIP
ex_2250,3,removal,removal,False,0,0,True,FLIP
ex_2250,4,removal,removal,False,0,0,True,FLIP
ex_2250,5,removal,removal,False,0,0,True,FLIP
ex_2250,6,removal,removal,False,0,0,True,FLIP
ex_2250,7,removal,removal,False,0,0,True,FLIP
ex_2267,1,removal,removal,False,0,0,False,INVARIANT
ex_2267,2,removal,removal,False,0,0,True,FLIP
ex_2267,3,removal,removal,False,0,0,True,FLIP
ex_2267,4,removal,removal,False,0,0,True,FLIP
ex_2267,5,add_only,add_only,False,0,0,False,INVARIANT
ex_2267,6,removal,removal,False,0,0,True,FLIP
ex_2267,7,add_only,add_only,False,0,0,False,INVARIANT
ex_2277,1,removal,removal,False,0,0,True,FLIP
ex_2277,2,add_only,add_only,False,0,0,False,INVARIANT
ex_2277,3,removal,removal,False,0,0,True,FLIP
ex_2277,4,removal,removal,False,0,0,True,FLIP
ex_2277,5,removal,removal,False,0,0,True,FLIP
ex_2277,6,add_only,add_only,False,0,0,False,INVARIANT
ex_2277,7,removal,removal,False,0,0,True,FLIP
ex_2283,1,removal,removal,False,0,0,False,INVARIANT
ex_2283,2,removal,removal,False,0,0,True,FLIP
ex_2283,3,removal,add_only,True,2,2,False,INVARIANT
ex_2283,4,removal,removal,False,0,0,True,FLIP
ex_2283,5,add_only,add_only,False,0,0,False,INVARIANT
ex_2283,6,add_only,add_only,False,0,0,False,INVARIANT
ex_2283,7,add_only,add_only,False,0,0,False,INVARIANT
ex_2292,1,removal,add_only,True,1,0,False,INVARIANT
ex_2292,2,add_only,add_only,False,0,0,False,INVARIANT
ex_2292,3,removal,removal,False,0,0,False,INVARIANT
ex_2292,4,removal,removal,False,0,0,True,FLIP
ex_2292,5,removal,removal,False,0,0,False,INVARIANT
ex_2292,6,removal,removal,False,0,0,False,INVARIANT
ex_2292,7,removal,removal,True,1,0,False,INVARIANT
ex_2314,1,removal,removal,False,0,0,True,FLIP
ex_2314,2,removal,removal,False,0,0,True,FLIP
ex_2314,3,removal,removal,False,0,0,True,FLIP
ex_2314,4,removal,removal,False,0,0,True,FLIP
ex_2314,5,add_only,add_only,False,0,0,False,INVARIANT
ex_2314,6,removal,removal,False,0,0,True,FLIP
ex_2314,7,removal,removal,False,0,0,True,FLIP
ex_2315,1,removal,removal,True,0,1,True,FLIP
ex_2315,2,removal,removal,False,0,0,True,FLIP
ex_2315,3,add_only,add_only,False,0,0,False,INVARIANT
ex_2315,4,removal,removal,False,0,0,False,INVARIANT
ex_2315,5,removal,removal,False,0,0,False,INVARIANT
ex_2315,6,removal,removal,True,1,1,True,FLIP
ex_2315,7,removal,removal,False,0,0,True,FLIP
ex_2332,1,removal,removal,False,0,0,True,FLIP
ex_2332,2,removal,removal,False,0,0,False,INVARIANT
ex_2332,3,removal,removal,False,0,0,False,INVARIANT
ex_2332,4,removal,removal,True,0,1,False,INVARIANT
ex_2332,5,removal,removal,True,0,1,False,INVARIANT
ex_2332,6,removal,removal,False,0,0,True,FLIP
ex_2332,7,removal,removal,False,0,0,True,FLIP
ex_2333,1,removal,add_only,True,1,0,False,INVARIANT
ex_2333,2,add_only,add_only,False,0,0,False,INVARIANT
ex_2333,3,removal,removal,False,0,0,False,INVARIANT
ex_2333,4,removal,removal,True,0,1,False,INVARIANT
ex_2333,5,add_only,add_only,False,0,0,False,INVARIANT
ex_2333,6,add_only,add_only,False,0,0,False,INVARIANT
ex_2333,7,removal,add_only,True,1,0,False,INVARIANT
ex_2338,1,add_only,add_only,False,0,0,False,INVARIANT
ex_2338,2,removal,removal,False,0,0,True,FLIP
ex_2338,3,removal,removal,False,0,0,True,FLIP
ex_2338,4,removal,removal,False,0,0,False,INVARIANT
ex_2338,5,removal,removal,False,0,0,True,FLIP
ex_2338,6,removal,add_only,True,1,1,False,INVARIANT
ex_2338,7,removal,removal,True,0,1,False,INVARIANT
ex_234,1,removal,removal,False,0,0,True,FLIP
ex_234,2,removal,removal,True,1,0,True,FLIP
ex_234,3,removal,removal,False,0,0,True,FLIP
ex_234,4,removal,removal,False,0,0,True,FLIP
ex_234,5,removal,removal,False,0,0,False,INVARIANT
ex_234,6,removal,removal,True,0,1,False,INVARIANT
ex_234,7,removal,removal,False,0,0,True,FLIP
ex_2349,1,add_only,add_only,False,0,0,False,INVARIANT
ex_2349,2,removal,removal,False,0,0,True,FLIP
ex_2349,3,removal,removal,False,0,0,True,FLIP
ex_2349,4,removal,removal,False,0,0,True,FLIP
ex_2349,5,add_only,add_only,False,0,0,False,INVARIANT
ex_2349,6,removal,removal,False,0,0,True,FLIP
ex_2349,7,add_only,add_only,False,0,0,False,INVARIANT
ex_2375,1,removal,removal,False,0,0,True,FLIP
ex_2375,2,add_only,add_only,False,0,0,False,INVARIANT
ex_2375,3,add_only,add_only,False,0,0,False,INVARIANT
ex_2375,4,removal,add_only,True,2,2,False,INVARIANT
ex_2375,5,removal,removal,False,0,0,True,FLIP
ex_2375,6,add_only,add_only,False,0,0,False,INVARIANT
ex_2375,7,add_only,add_only,False,0,0,False,INVARIANT
ex_2386,1,removal,removal,False,0,0,True,FLIP
ex_2386,2,add_only,add_only,False,0,0,False,INVARIANT
ex_2386,3,add_only,add_only,False,0,0,False,INVARIANT
ex_2386,4,removal,removal,True,2,1,True,FLIP
ex_2386,5,removal,removal,False,0,0,True,FLIP
ex_2386,6,removal,removal,False,0,0,True,FLIP
ex_2386,7,removal,removal,True,0,1,False,INVARIANT
ex_2387,1,removal,removal,False,0,0,True,FLIP
ex_2387,2,add_only,add_only,False,0,0,False,INVARIANT
ex_2387,3,removal,removal,True,0,1,True,FLIP
ex_2387,4,add_only,add_only,False,0,0,False,INVARIANT
ex_2387,5,removal,removal,False,0,0,True,FLIP
ex_2387,6,add_only,add_only,False,0,0,False,INVARIANT
ex_2387,7,removal,removal,False,0,0,True,FLIP
ex_2390,1,add_only,add_only,False,0,0,False,INVARIANT
ex_2390,2,add_only,add_only,False,0,0,False,INVARIANT
ex_2390,3,removal,removal,False,0,0,True,FLIP
ex_2390,4,removal,removal,False,0,0,False,INVARIANT
ex_2390,5,add_only,add_only,False,0,0,False,INVARIANT
ex_2390,6,removal,removal,False,0,0,True,FLIP
ex_2390,7,add_only,add_only,False,0,0,False,INVARIANT
ex_2416,1,removal,removal,False,0,0,True,FLIP
ex_2416,2,removal,removal,True,0,1,False,INVARIANT
ex_2416,3,add_only,add_only,False,0,0,False,INVARIANT
ex_2416,4,removal,removal,False,0,0,True,FLIP
ex_2416,5,add_only,add_only,False,0,0,False,INVARIANT
ex_2416,6,removal,removal,False,0,0,False,INVARIANT
ex_2416,7,removal,removal,True,1,0,True,FLIP
ex_2431,1,removal,removal,False,0,0,True,FLIP
ex_2431,2,removal,removal,False,0,0,True,FLIP
ex_2431,3,removal,removal,False,0,0,True,FLIP
ex_2431,4,removal,removal,False,0,0,False,INVARIANT
ex_2431,5,removal,removal,False,0,0,False,INVARIANT
ex_2431,6,removal,removal,False,0,0,True,FLIP
ex_2431,7,add_only,add_only,False,0,0,False,INVARIANT
ex_2437,1,add_only,add_only,False,0,0,False,INVARIANT
ex_2437,2,removal,removal,False,0,0,True,FLIP
ex_2437,3,removal,removal,True,1,1,True,FLIP
ex_2437,4,removal,removal,True,1,2,False,INVARIANT
ex_2437,5,removal,removal,True,1,0,True,FLIP
ex_2437,6,add_only,add_only,False,0,0,False,INVARIANT
ex_2437,7,removal,removal,False,0,0,True,FLIP
ex_244,1,removal,add_only,True,1,1,False,INVARIANT
ex_244,2,removal,removal,False,0,0,True,FLIP
ex_244,3,removal,removal,False,0,0,True,FLIP
ex_244,4,removal,removal,True,0,1,False,INVARIANT
ex_244,5,removal,removal,False,0,0,True,FLIP
ex_244,6,add_only,add_only,False,0,0,False,INVARIANT
ex_244,7,add_only,add_only,False,0,0,False,INVARIANT
ex_2440,1,removal,removal,False,0,0,True,FLIP
ex_2440,2,removal,add_only,True,1,0,False,INVARIANT
ex_2440,3,removal,removal,False,0,0,True,FLIP
ex_2440,4,removal,removal,True,0,1,False,INVARIANT
ex_2440,5,removal,removal,False,0,0,True,FLIP
ex_2440,6,removal,removal,False,0,0,True,FLIP
ex_2440,7,removal,add_only,True,1,1,False,INVARIANT
ex_2446,1,removal,removal,False,0,0,False,INVARIANT
ex_2446,2,add_only,add_only,False,0,0,False,INVARIANT
ex_2446,3,removal,removal,False,0,0,True,FLIP
ex_2446,4,add_only,add_only,False,0,0,False,INVARIANT
ex_2446,5,removal,removal,False,0,0,True,FLIP
ex_2446,6,add_only,add_only,False,0,0,False,INVARIANT
ex_2446,7,add_only,add_only,False,0,0,False,INVARIANT
ex_2447,1,removal,removal,False,0,0,False,INVARIANT
ex_2447,2,removal,removal,False,0,0,True,FLIP
ex_2447,3,removal,removal,False,0,0,True,FLIP
ex_2447,4,removal,removal,False,0,0,True,FLIP
ex_2447,5,add_only,add_only,False,0,0,False,INVARIANT
ex_2447,6,add_only,add_only,False,0,0,False,INVARIANT
ex_2447,7,add_only,add_only,False,0,0,False,INVARIANT
ex_245,1,add_only,add_only,False,0,0,False,INVARIANT
ex_245,2,removal,removal,True,0,1,False,INVARIANT
ex_245,3,removal,removal,False,0,0,True,FLIP
ex_245,4,add_only,add_only,False,0,0,False,INVARIANT
ex_245,5,add_only,add_only,False,0,0,False,INVARIANT
ex_245,6,removal,removal,False,0,0,True,FLIP
ex_245,7,add_only,add_only,False,0,0,False,INVARIANT
ex_2451,1,add_only,add_only,False,0,0,False,INVARIANT
ex_2451,2,removal,removal,False,0,0,False,INVARIANT
ex_2451,3,removal,removal,True,0,1,False,INVARIANT
ex_2451,4,add_only,add_only,False,0,0,False,INVARIANT
ex_2451,5,removal,removal,True,0,1,True,FLIP
ex_2451,6,add_only,add_only,False,0,0,False,INVARIANT
ex_2451,7,removal,removal,False,0,0,True,FLIP
ex_2457,1,removal,removal,False,0,0,False,INVARIANT
ex_2457,2,removal,removal,False,0,0,True,FLIP
ex_2457,3,removal,removal,False,0,0,True,FLIP
ex_2457,4,add_only,add_only,False,0,0,False,INVARIANT
ex_2457,5,removal,removal,False,0,0,True,FLIP
ex_2457,6,add_only,add_only,False,0,0,False,INVARIANT
ex_2457,7,add_only,add_only,False,0,0,False,INVARIANT
ex_2460,1,removal,removal,False,0,0,True,FLIP
ex_2460,2,add_only,add_only,False,0,0,False,INVARIANT
ex_2460,3,add_only,add_only,False,0,0,False,INVARIANT
ex_2460,4,removal,removal,False,0,0,True,FLIP
ex_2460,5,removal,removal,False,0,0,True,FLIP
ex_2460,6,removal,removal,False,0,0,True,FLIP
ex_2460,7,removal,removal,False,0,0,False,INVARIANT
ex_2461,1,removal,removal,True,1,1,True,FLIP
ex_2461,2,removal,removal,False,0,0,True,FLIP
ex_2461,3,removal,removal,False,0,0,True,FLIP
ex_2461,4,removal,removal,False,0,0,True,FLIP
ex_2461,5,removal,removal,False,0,0,True,FLIP
ex_2461,6,removal,removal,True,0,1,True,FLIP
ex_2461,7,removal,removal,False,0,0,False,INVARIANT
ex_2466,1,removal,add_only,True,1,1,False,INVARIANT
ex_2466,2,removal,add_only,True,4,4,False,INVARIANT
ex_2466,3,removal,removal,True,1,1,False,INVARIANT
ex_2466,4,removal,removal,False,0,0,True,FLIP
ex_2466,5,add_only,add_only,False,0,0,False,INVARIANT
ex_2466,6,add_only,add_only,False,0,0,False,INVARIANT
ex_2466,7,removal,add_only,True,1,1,False,INVARIANT
ex_2471,1,removal,removal,False,0,0,True,FLIP
ex_2471,2,removal,removal,False,0,0,True,FLIP
ex_2471,3,removal,removal,True,1,2,True,FLIP
ex_2471,4,add_only,add_only,False,0,0,False,INVARIANT
ex_2471,5,removal,removal,False,0,0,True,FLIP
ex_2471,6,removal,removal,False,0,0,True,FLIP
ex_2471,7,add_only,add_only,False,0,0,False,INVARIANT
ex_2477,1,removal,removal,False,0,0,True,FLIP
ex_2477,2,removal,removal,False,0,0,False,INVARIANT
ex_2477,3,removal,removal,False,0,0,False,INVARIANT
ex_2477,4,removal,removal,False,0,0,True,FLIP
ex_2477,5,add_only,add_only,False,0,0,False,INVARIANT
ex_2477,6,add_only,add_only,False,0,0,False,INVARIANT
ex_2477,7,removal,removal,False,0,0,True,FLIP
ex_2489,1,removal,removal,False,0,0,True,FLIP
ex_2489,2,removal,removal,False,0,0,True,FLIP
ex_2489,3,removal,removal,False,0,0,True,FLIP
ex_2489,4,add_only,add_only,False,0,0,False,INVARIANT
ex_2489,5,add_only,add_only,False,0,0,False,INVARIANT
ex_2489,6,removal,removal,False,0,0,True,FLIP
ex_2489,7,removal,removal,False,0,0,True,FLIP
ex_2498,1,removal,removal,False,0,0,True,FLIP
ex_2498,2,add_only,add_only,False,0,0,False,INVARIANT
ex_2498,3,add_only,add_only,False,0,0,False,INVARIANT
ex_2498,4,removal,removal,False,0,0,True,FLIP
ex_2498,5,removal,removal,False,0,0,True,FLIP
ex_2498,6,removal,removal,False,0,0,True,FLIP
ex_2498,7,add_only,add_only,False,0,0,False,INVARIANT
ex_2512,1,add_only,add_only,False,0,0,False,INVARIANT
ex_2512,2,removal,removal,False,0,0,True,FLIP
ex_2512,3,add_only,add_only,False,0,0,False,INVARIANT
ex_2512,4,removal,removal,False,0,0,True,FLIP
ex_2512,5,add_only,add_only,False,0,0,False,INVARIANT
ex_2512,6,add_only,add_only,False,0,0,False,INVARIANT
ex_2512,7,removal,removal,False,0,0,True,FLIP
ex_2514,1,removal,removal,True,1,2,True,FLIP
ex_2514,2,removal,removal,False,0,0,True,FLIP
ex_2514,3,removal,removal,False,0,0,False,INVARIANT
ex_2514,4,removal,removal,False,0,0,True,FLIP
ex_2514,5,add_only,add_only,False,0,0,False,INVARIANT
ex_2514,6,add_only,add_only,False,0,0,False,INVARIANT
ex_2514,7,removal,removal,False,0,0,False,INVARIANT
ex_2515,1,removal,removal,False,0,0,True,FLIP
ex_2515,2,removal,add_only,True,1,1,False,INVARIANT
ex_2515,3,removal,removal,True,0,1,False,INVARIANT
ex_2515,4,add_only,add_only,False,0,0,False,INVARIANT
ex_2515,5,removal,removal,False,0,0,True,FLIP
ex_2515,6,add_only,add_only,False,0,0,False,INVARIANT
ex_2515,7,removal,removal,False,0,0,True,FLIP
ex_252,1,add_only,add_only,False,0,0,False,INVARIANT
ex_252,2,removal,removal,True,2,2,True,FLIP
ex_252,3,add_only,add_only,False,0,0,False,INVARIANT
ex_252,4,removal,removal,False,0,0,True,FLIP
ex_252,5,removal,removal,False,0,0,True,FLIP
ex_252,6,add_only,add_only,False,0,0,False,INVARIANT
ex_252,7,add_only,add_only,False,0,0,False,INVARIANT
ex_2524,1,removal,removal,False,0,0,True,FLIP
ex_2524,2,removal,removal,False,0,0,True,FLIP
ex_2524,3,removal,removal,False,0,0,True,FLIP
ex_2524,4,removal,removal,False,0,0,True,FLIP
ex_2524,5,removal,removal,False,0,0,True,FLIP
ex_2524,6,removal,removal,True,0,1,True,FLIP
ex_2524,7,removal,removal,False,0,0,True,FLIP
ex_2525,1,add_only,add_only,False,0,0,False,INVARIANT
ex_2525,2,removal,removal,False,0,0,True,FLIP
ex_2525,3,removal,removal,False,0,0,False,INVARIANT
ex_2525,4,removal,removal,False,0,0,False,INVARIANT
ex_2525,5,removal,removal,False,0,0,True,FLIP
ex_2525,6,add_only,add_only,False,0,0,False,INVARIANT
ex_2525,7,add_only,add_only,False,0,0,False,INVARIANT
ex_2534,1,add_only,add_only,False,0,0,False,INVARIANT
ex_2534,2,removal,removal,False,0,0,False,INVARIANT
ex_2534,3,removal,removal,False,0,0,True,FLIP
ex_2534,4,removal,removal,False,0,0,True,FLIP
ex_2534,5,removal,removal,True,0,2,True,FLIP
ex_2534,6,removal,removal,False,0,0,False,INVARIANT
ex_2534,7,removal,removal,False,0,0,True,FLIP
ex_2535,1,removal,removal,False,0,0,False,INVARIANT
ex_2535,2,removal,add_only,True,1,1,False,INVARIANT
ex_2535,3,removal,removal,False,0,0,False,INVARIANT
ex_2535,4,removal,removal,False,0,0,True,FLIP
ex_2535,5,removal,add_only,True,2,0,False,INVARIANT
ex_2535,6,removal,removal,False,0,0,True,FLIP
ex_2535,7,add_only,add_only,False,0,0,False,INVARIANT
ex_2538,1,add_only,add_only,False,0,0,False,INVARIANT
ex_2538,2,removal,removal,False,0,0,True,FLIP
ex_2538,3,removal,removal,False,0,0,True,FLIP
ex_2538,4,add_only,add_only,False,0,0,False,INVARIANT
ex_2538,5,removal,removal,True,0,1,True,FLIP
ex_2538,6,removal,removal,False,0,0,False,INVARIANT
ex_2538,7,add_only,add_only,False,0,0,False,INVARIANT
ex_2543,1,removal,removal,False,0,0,True,FLIP
ex_2543,2,removal,removal,False,0,0,False,INVARIANT
ex_2543,3,removal,removal,False,0,0,True,FLIP
ex_2543,4,removal,removal,False,0,0,True,FLIP
ex_2543,5,removal,removal,True,0,1,False,INVARIANT
ex_2543,6,removal,removal,False,0,0,False,INVARIANT
ex_2543,7,removal,removal,False,0,0,True,FLIP
ex_2549,1,add_only,add_only,False,0,0,False,INVARIANT
ex_2549,2,removal,removal,False,0,0,True,FLIP
ex_2549,3,removal,removal,False,0,0,True,FLIP
ex_2549,4,removal,removal,True,1,0,True,FLIP
ex_2549,5,removal,removal,False,0,0,True,FLIP
ex_2549,6,removal,removal,True,2,2,True,FLIP
ex_2549,7,removal,removal,False,0,0,True,FLIP
ex_2559,1,removal,removal,False,0,0,False,INVARIANT
ex_2559,2,removal,removal,True,1,2,True,FLIP
ex_2559,3,removal,removal,False,0,0,True,FLIP
ex_2559,4,removal,removal,False,0,0,True,FLIP
ex_2559,5,add_only,add_only,False,0,0,False,INVARIANT
ex_2559,6,removal,removal,False,0,0,True,FLIP
ex_2559,7,removal,removal,False,0,0,True,FLIP
ex_2564,1,add_only,add_only,False,0,0,False,INVARIANT
ex_2564,2,add_only,add_only,False,0,0,False,INVARIANT
ex_2564,3,removal,removal,False,0,0,True,FLIP
ex_2564,4,removal,removal,True,1,1,True,FLIP
ex_2564,5,removal,removal,False,0,0,True,FLIP
ex_2564,6,removal,removal,False,0,0,True,FLIP
ex_2564,7,add_only,add_only,False,0,0,False,INVARIANT
ex_2565,1,add_only,add_only,False,0,0,False,INVARIANT
ex_2565,2,removal,removal,True,0,1,False,INVARIANT
ex_2565,3,add_only,add_only,False,0,0,True,FLIP
ex_2565,4,removal,removal,True,0,1,False,INVARIANT
ex_2565,5,removal,removal,False,0,0,False,INVARIANT
ex_2565,6,removal,removal,True,0,1,False,INVARIANT
ex_2565,7,removal,removal,False,0,0,False,INVARIANT
ex_2572,1,removal,removal,False,0,0,True,FLIP
ex_2572,2,add_only,add_only,False,0,0,False,INVARIANT
ex_2572,3,removal,removal,False,0,0,True,FLIP
ex_2572,4,removal,removal,False,0,0,True,FLIP
ex_2572,5,removal,removal,False,0,0,False,INVARIANT
ex_2572,6,removal,removal,False,0,0,False,INVARIANT
ex_2572,7,removal,removal,True,0,1,False,INVARIANT
ex_2575,1,removal,removal,False,0,0,False,INVARIANT
ex_2575,2,removal,removal,True,0,1,False,INVARIANT
ex_2575,3,removal,add_only,True,1,1,False,INVARIANT
ex_2575,4,removal,removal,False,0,0,True,FLIP
ex_2575,5,removal,removal,False,0,0,False,INVARIANT
ex_2575,6,add_only,add_only,False,0,0,False,INVARIANT
ex_2575,7,add_only,add_only,False,0,0,False,INVARIANT
ex_258,1,removal,removal,True,1,1,False,INVARIANT
ex_258,2,removal,removal,False,0,0,True,FLIP
ex_258,3,removal,removal,False,0,0,True,FLIP
ex_258,4,removal,removal,True,2,0,True,FLIP
ex_258,5,removal,removal,False,0,0,True,FLIP
ex_258,6,add_only,add_only,False,0,0,False,INVARIANT
ex_258,7,removal,removal,False,0,0,True,FLIP
ex_2611,1,removal,removal,False,0,0,True,FLIP
ex_2611,2,removal,removal,False,0,0,True,FLIP
ex_2611,3,removal,removal,False,0,0,True,FLIP
ex_2611,4,removal,removal,False,0,0,True,FLIP
ex_2611,5,add_only,add_only,False,0,0,False,INVARIANT
ex_2611,6,removal,removal,False,0,0,True,FLIP
ex_2611,7,add_only,add_only,False,0,0,False,INVARIANT
ex_2616,1,removal,removal,False,0,0,True,FLIP
ex_2616,2,removal,removal,False,0,0,True,FLIP
ex_2616,3,removal,removal,True,1,3,False,INVARIANT
ex_2616,4,removal,removal,False,0,0,True,FLIP
ex_2616,5,removal,add_only,True,1,0,False,INVARIANT
ex_2616,6,removal,removal,False,0,0,False,INVARIANT
ex_2616,7,removal,removal,False,0,0,False,INVARIANT
ex_2617,1,removal,removal,False,0,0,True,FLIP
ex_2617,2,removal,removal,False,0,0,False,INVARIANT
ex_2617,3,removal,add_only,True,2,2,False,INVARIANT
ex_2617,4,removal,removal,False,0,0,True,FLIP
ex_2617,5,add_only,add_only,False,0,0,False,INVARIANT
ex_2617,6,add_only,add_only,False,0,0,False,INVARIANT
ex_2617,7,removal,removal,True,3,3,True,FLIP
ex_2621,1,removal,removal,False,0,0,True,FLIP
ex_2621,2,removal,removal,False,0,0,True,FLIP
ex_2621,3,add_only,add_only,False,0,0,False,INVARIANT
ex_2621,4,removal,removal,False,0,0,True,FLIP
ex_2621,5,removal,removal,True,0,1,False,INVARIANT
ex_2621,6,add_only,add_only,False,0,0,False,INVARIANT
ex_2621,7,removal,removal,False,0,0,False,INVARIANT
ex_2627,1,removal,removal,False,0,0,True,FLIP
ex_2627,2,add_only,add_only,False,0,0,False,INVARIANT
ex_2627,3,removal,removal,False,0,0,True,FLIP
ex_2627,4,removal,removal,False,0,0,False,INVARIANT
ex_2627,5,removal,removal,False,0,0,True,FLIP
ex_2627,6,removal,removal,False,0,0,True,FLIP
ex_2627,7,removal,removal,False,0,0,True,FLIP
ex_263,1,removal,add_only,True,2,2,False,INVARIANT
ex_263,2,add_only,add_only,False,0,0,False,INVARIANT
ex_263,3,removal,removal,False,0,0,True,FLIP
ex_263,4,removal,removal,True,0,1,False,INVARIANT
ex_263,5,removal,removal,True,0,1,True,FLIP
ex_263,6,removal,removal,False,0,0,False,INVARIANT
ex_263,7,removal,removal,True,1,1,True,FLIP
ex_2651,1,removal,removal,False,0,0,False,INVARIANT
ex_2651,2,removal,removal,False,0,0,True,FLIP
ex_2651,3,add_only,add_only,False,0,0,False,INVARIANT
ex_2651,4,removal,add_only,True,1,0,False,INVARIANT
ex_2651,5,removal,removal,True,0,0,True,FLIP
ex_2651,6,removal,removal,False,0,0,True,FLIP
ex_2651,7,removal,removal,False,0,0,False,INVARIANT
ex_2667,1,removal,removal,True,1,1,True,FLIP
ex_2667,2,removal,removal,False,0,0,True,FLIP
ex_2667,3,add_only,add_only,False,0,0,False,INVARIANT
ex_2667,4,add_only,add_only,False,0,0,False,INVARIANT
ex_2667,5,removal,removal,True,0,1,False,INVARIANT
ex_2667,6,add_only,add_only,False,0,0,False,INVARIANT
ex_2667,7,removal,removal,False,0,0,True,FLIP
ex_2670,1,add_only,add_only,False,0,0,False,INVARIANT
ex_2670,2,removal,removal,True,0,1,False,INVARIANT
ex_2670,3,removal,removal,True,1,0,True,FLIP
ex_2670,4,removal,removal,False,0,0,True,FLIP
ex_2670,5,removal,removal,False,0,0,True,FLIP
ex_2670,6,add_only,add_only,False,0,0,False,INVARIANT
ex_2670,7,add_only,add_only,True,0,0,False,INVARIANT
ex_2676,1,add_only,add_only,False,0,0,False,INVARIANT
ex_2676,2,removal,removal,False,0,0,False,INVARIANT
ex_2676,3,removal,removal,False,0,0,True,FLIP
ex_2676,4,removal,removal,False,0,0,True,FLIP
ex_2676,5,add_only,add_only,False,0,0,False,INVARIANT
ex_2676,6,removal,removal,False,0,0,True,FLIP
ex_2676,7,removal,removal,False,0,0,True,FLIP
ex_2677,1,add_only,add_only,False,0,0,False,INVARIANT
ex_2677,2,removal,removal,False,0,0,False,INVARIANT
ex_2677,3,removal,removal,False,0,0,False,INVARIANT
ex_2677,4,removal,removal,False,0,0,True,FLIP
ex_2677,5,removal,removal,False,0,0,True,FLIP
ex_2677,6,removal,removal,False,0,0,True,FLIP
ex_2677,7,add_only,add_only,False,0,0,False,INVARIANT
ex_2694,1,removal,removal,False,0,0,True,FLIP
ex_2694,2,removal,removal,False,0,0,True,FLIP
ex_2694,3,removal,removal,True,0,3,False,INVARIANT
ex_2694,4,removal,removal,False,0,0,False,INVARIANT
ex_2694,5,removal,removal,False,0,0,True,FLIP
ex_2694,6,removal,removal,True,0,0,False,INVARIANT
ex_2694,7,add_only,add_only,False,0,0,False,INVARIANT
ex_2695,1,removal,removal,False,0,0,True,FLIP
ex_2695,2,add_only,add_only,False,0,0,False,INVARIANT
ex_2695,3,removal,removal,False,0,0,True,FLIP
ex_2695,4,add_only,add_only,False,0,0,False,INVARIANT
ex_2695,5,removal,removal,False,0,0,True,FLIP
ex_2695,6,removal,removal,False,0,0,True,FLIP
ex_2695,7,add_only,add_only,False,0,0,False,INVARIANT
ex_2703,1,removal,removal,True,0,1,False,INVARIANT
ex_2703,2,removal,removal,True,0,0,False,INVARIANT
ex_2703,3,removal,removal,False,0,0,True,FLIP
ex_2703,4,removal,add_only,True,1,1,False,INVARIANT
ex_2703,5,add_only,add_only,False,0,0,False,INVARIANT
ex_2703,6,removal,add_only,True,2,2,False,INVARIANT
ex_2703,7,removal,removal,False,0,0,True,FLIP
ex_2705,1,removal,add_only,True,1,1,True,FLIP
ex_2705,2,removal,removal,False,0,0,True,FLIP
ex_2705,3,removal,removal,False,0,0,True,FLIP
ex_2705,4,removal,removal,False,0,0,True,FLIP
ex_2705,5,removal,removal,False,0,0,True,FLIP
ex_2705,6,removal,removal,False,0,0,True,FLIP
ex_2705,7,removal,removal,False,0,0,True,FLIP
ex_2708,1,add_only,add_only,False,0,0,True,FLIP
ex_2708,2,removal,removal,False,0,0,True,FLIP
ex_2708,3,removal,add_only,True,1,0,False,INVARIANT
ex_2708,4,removal,removal,False,0,0,True,FLIP
ex_2708,5,removal,removal,True,0,1,False,INVARIANT
ex_2708,6,add_only,add_only,False,0,0,False,INVARIANT
ex_2708,7,removal,removal,False,0,0,True,FLIP
ex_2709,1,add_only,add_only,False,0,0,False,INVARIANT
ex_2709,2,removal,removal,False,0,0,True,FLIP
ex_2709,3,removal,removal,False,0,0,True,FLIP
ex_2709,4,removal,removal,True,0,1,True,FLIP
ex_2709,5,add_only,add_only,False,0,0,False,INVARIANT
ex_2709,6,removal,removal,False,0,0,True,FLIP
ex_2709,7,removal,removal,False,0,0,True,FLIP
ex_2712,1,removal,removal,False,0,0,True,FLIP
ex_2712,2,add_only,add_only,False,0,0,False,INVARIANT
ex_2712,3,add_only,add_only,False,0,0,False,INVARIANT
ex_2712,4,add_only,add_only,False,0,0,False,INVARIANT
ex_2712,5,add_only,add_only,False,0,0,False,INVARIANT
ex_2712,6,add_only,add_only,False,0,0,False,INVARIANT
ex_2712,7,removal,removal,False,0,0,True,FLIP
ex_2722,1,removal,removal,False,0,0,False,INVARIANT
ex_2722,2,removal,add_only,True,1,1,False,INVARIANT
ex_2722,3,removal,removal,False,0,0,False,INVARIANT
ex_2722,4,removal,removal,False,0,0,True,FLIP
ex_2722,5,removal,removal,True,1,1,False,INVARIANT
ex_2722,6,add_only,add_only,False,0,0,False,INVARIANT
ex_2722,7,add_only,add_only,False,0,0,False,INVARIANT
ex_2723,1,removal,removal,False,0,0,True,FLIP
ex_2723,2,removal,removal,False,0,0,False,INVARIANT
ex_2723,3,add_only,add_only,True,0,1,False,INVARIANT
ex_2723,4,removal,removal,True,1,1,True,FLIP
ex_2723,5,add_only,add_only,False,0,0,False,INVARIANT
ex_2723,6,add_only,add_only,False,0,0,False,INVARIANT
ex_2723,7,removal,removal,True,2,2,False,INVARIANT
ex_2729,1,add_only,add_only,False,0,0,False,INVARIANT
ex_2729,2,removal,removal,False,0,0,True,FLIP
ex_2729,3,removal,removal,False,0,0,False,INVARIANT
ex_2729,4,removal,removal,False,0,0,False,INVARIANT
ex_2729,5,add_only,add_only,False,0,0,False,INVARIANT
ex_2729,6,add_only,add_only,False,0,0,False,INVARIANT
ex_2729,7,add_only,add_only,False,0,0,False,INVARIANT
ex_2742,1,removal,removal,True,0,1,True,FLIP
ex_2742,2,add_only,add_only,False,0,0,False,INVARIANT
ex_2742,3,removal,removal,True,0,1,True,FLIP
ex_2742,4,removal,removal,False,0,0,False,INVARIANT
ex_2742,5,removal,removal,False,0,0,False,INVARIANT
ex_2742,6,removal,removal,True,0,1,True,FLIP
ex_2742,7,removal,removal,False,0,0,True,FLIP
ex_2748,1,removal,removal,False,0,0,True,FLIP
ex_2748,2,add_only,add_only,False,0,0,False,INVARIANT
ex_2748,3,removal,removal,False,0,0,False,INVARIANT
ex_2748,4,add_only,add_only,False,0,0,False,INVARIANT
ex_2748,5,removal,removal,False,0,0,True,FLIP
ex_2748,6,removal,removal,False,0,0,False,INVARIANT
ex_2748,7,removal,removal,False,0,0,True,FLIP
ex_2749,1,removal,removal,False,0,0,False,INVARIANT
ex_2749,2,removal,removal,True,0,1,False,INVARIANT
ex_2749,3,removal,removal,False,0,0,True,FLIP
ex_2749,4,removal,removal,False,0,0,True,FLIP
ex_2749,5,removal,removal,False,0,0,True,FLIP
ex_2749,6,add_only,add_only,True,0,0,False,INVARIANT
ex_2749,7,removal,removal,False,0,0,True,FLIP
ex_2758,1,removal,removal,False,0,0,True,FLIP
ex_2758,2,add_only,add_only,False,0,0,True,FLIP
ex_2758,3,removal,removal,False,0,0,True,FLIP
ex_2758,4,add_only,add_only,False,0,0,False,INVARIANT
ex_2758,5,add_only,add_only,False,0,0,False,INVARIANT
ex_2758,6,removal,removal,True,0,1,False,INVARIANT
ex_2758,7,removal,removal,False,0,0,True,FLIP
ex_2763,1,removal,removal,False,0,0,False,INVARIANT
ex_2763,2,removal,removal,False,0,0,True,FLIP
ex_2763,3,add_only,add_only,False,0,0,False,INVARIANT
ex_2763,4,add_only,add_only,False,0,0,False,INVARIANT
ex_2763,5,removal,removal,False,0,0,True,FLIP
ex_2763,6,removal,removal,False,0,0,True,FLIP
ex_2763,7,add_only,add_only,False,0,0,False,INVARIANT
ex_2768,1,removal,removal,False,0,0,False,INVARIANT
ex_2768,2,removal,removal,False,0,0,True,FLIP
ex_2768,3,removal,removal,False,0,0,True,FLIP
ex_2768,4,removal,removal,False,0,0,True,FLIP
ex_2768,5,removal,removal,False,0,0,True,FLIP
ex_2768,6,removal,removal,True,1,0,True,FLIP
ex_2768,7,removal,removal,False,0,0,True,FLIP
ex_2773,1,add_only,add_only,False,0,0,False,INVARIANT
ex_2773,2,removal,removal,True,0,0,False,INVARIANT
ex_2773,3,add_only,add_only,False,0,0,False,INVARIANT
ex_2773,4,removal,removal,True,1,0,True,FLIP
ex_2773,5,removal,removal,False,0,0,True,FLIP
ex_2773,6,removal,removal,False,0,0,False,INVARIANT
ex_2773,7,removal,removal,False,0,0,True,FLIP
ex_2779,1,add_only,add_only,False,0,0,False,INVARIANT
ex_2779,2,removal,removal,False,0,0,True,FLIP
ex_2779,3,add_only,add_only,False,0,0,False,INVARIANT
ex_2779,4,add_only,add_only,False,0,0,False,INVARIANT
ex_2779,5,add_only,add_only,False,0,0,False,INVARIANT
ex_2779,6,add_only,add_only,False,0,0,False,INVARIANT
ex_2779,7,removal,removal,False,0,0,False,INVARIANT
ex_2786,1,removal,removal,True,0,1,True,FLIP
ex_2786,2,add_only,add_only,False,0,0,False,INVARIANT
ex_2786,3,add_only,add_only,False,0,0,False,INVARIANT
ex_2786,4,add_only,add_only,False,0,0,False,INVARIANT
ex_2786,5,removal,removal,False,0,0,True,FLIP
ex_2786,6,removal,removal,False,0,0,True,FLIP
ex_2786,7,removal,removal,False,0,0,False,INVARIANT
ex_2791,1,removal,removal,False,0,0,False,INVARIANT
ex_2791,2,removal,removal,False,0,0,True,FLIP
ex_2791,3,add_only,add_only,False,0,0,False,INVARIANT
ex_2791,4,removal,removal,False,0,0,True,FLIP
ex_2791,5,removal,add_only,True,1,1,False,INVARIANT
ex_2791,6,removal,removal,True,1,1,True,FLIP
ex_2791,7,removal,removal,False,0,0,False,INVARIANT
ex_2807,1,removal,add_only,True,1,1,False,INVARIANT
ex_2807,2,removal,removal,False,0,0,True,FLIP
ex_2807,3,add_only,add_only,False,0,0,False,INVARIANT
ex_2807,4,add_only,add_only,False,0,0,False,INVARIANT
ex_2807,5,add_only,add_only,False,0,0,False,INVARIANT
ex_2807,6,removal,removal,False,0,0,True,FLIP
ex_2807,7,add_only,add_only,False,0,0,False,INVARIANT
ex_2816,1,add_only,add_only,False,0,0,False,INVARIANT
ex_2816,2,add_only,add_only,False,0,0,False,INVARIANT
ex_2816,3,removal,add_only,True,1,1,False,INVARIANT
ex_2816,4,removal,removal,True,0,1,True,FLIP
ex_2816,5,removal,add_only,True,1,1,False,INVARIANT
ex_2816,6,removal,removal,False,0,0,True,FLIP
ex_2816,7,add_only,add_only,False,0,0,False,INVARIANT
ex_2820,1,removal,add_only,True,1,1,False,INVARIANT
ex_2820,2,removal,removal,False,0,0,False,INVARIANT
ex_2820,3,removal,removal,False,0,0,True,FLIP
ex_2820,4,removal,removal,False,0,0,True,FLIP
ex_2820,5,add_only,add_only,False,0,0,False,INVARIANT
ex_2820,6,add_only,add_only,False,0,0,False,INVARIANT
ex_2820,7,add_only,add_only,False,0,0,False,INVARIANT
ex_2826,1,add_only,add_only,False,0,0,False,INVARIANT
ex_2826,2,removal,removal,False,0,0,True,FLIP
ex_2826,3,removal,removal,False,0,0,False,INVARIANT
ex_2826,4,removal,add_only,True,1,1,True,FLIP
ex_2826,5,removal,removal,True,1,1,True,FLIP
ex_2826,6,removal,add_only,True,1,0,False,INVARIANT
ex_2826,7,removal,removal,False,0,0,False,INVARIANT
ex_2837,1,removal,removal,False,0,0,False,INVARIANT
ex_2837,2,removal,removal,False,0,0,True,FLIP
ex_2837,3,removal,removal,True,0,1,False,INVARIANT
ex_2837,4,removal,removal,True,1,1,True,FLIP
ex_2837,5,none,none,False,0,0,True,FLIP
ex_2837,6,removal,removal,True,1,1,True,FLIP
ex_2837,7,add_only,add_only,False,0,0,False,INVARIANT
ex_287,1,removal,removal,False,0,0,True,FLIP
ex_287,2,removal,add_only,True,1,1,False,INVARIANT
ex_287,3,removal,removal,True,0,1,False,INVARIANT
ex_287,4,removal,removal,False,0,0,True,FLIP
ex_287,5,removal,removal,False,0,0,True,FLIP
ex_287,6,removal,removal,False,0,0,True,FLIP
ex_287,7,removal,removal,True,0,1,False,INVARIANT
ex_290,1,removal,removal,False,0,0,True,FLIP
ex_290,2,removal,removal,False,0,0,True,FLIP
ex_290,3,add_only,add_only,False,0,0,False,INVARIANT
ex_290,4,removal,removal,False,0,0,True,FLIP
ex_290,5,add_only,add_only,False,0,0,False,INVARIANT
ex_290,6,removal,removal,False,0,0,True,FLIP
ex_290,7,removal,removal,False,0,0,True,FLIP
ex_326,1,removal,removal,False,0,0,True,FLIP
ex_326,2,removal,removal,False,0,0,True,FLIP
ex_326,3,add_only,add_only,False,0,0,False,INVARIANT
ex_326,4,add_only,add_only,False,0,0,False,INVARIANT
ex_326,5,removal,removal,False,0,0,True,FLIP
ex_326,6,removal,removal,True,1,0,True,FLIP
ex_326,7,add_only,add_only,False,0,0,False,INVARIANT
ex_3508,1,removal,add_only,True,1,1,False,INVARIANT
ex_3508,2,removal,removal,False,0,0,False,INVARIANT
ex_3508,3,removal,add_only,True,3,3,False,INVARIANT
ex_3508,4,removal,removal,False,0,0,False,INVARIANT
ex_3508,5,add_only,add_only,False,0,0,False,INVARIANT
ex_3508,6,removal,removal,False,0,0,True,FLIP
ex_3508,7,add_only,add_only,False,0,0,False,INVARIANT
ex_3509,1,removal,removal,False,0,0,False,INVARIANT
ex_3509,2,removal,removal,False,0,0,True,FLIP
ex_3509,3,removal,removal,False,0,0,True,FLIP
ex_3509,4,removal,add_only,True,1,1,False,INVARIANT
ex_3509,5,removal,removal,False,0,0,False,INVARIANT
ex_3509,6,add_only,add_only,False,0,0,False,INVARIANT
ex_3509,7,removal,removal,False,0,0,True,FLIP
ex_3515,1,removal,removal,True,0,1,True,FLIP
ex_3515,2,removal,removal,False,0,0,True,FLIP
ex_3515,3,removal,removal,False,0,0,True,FLIP
ex_3515,4,removal,removal,False,0,0,False,INVARIANT
ex_3515,5,removal,removal,True,0,1,True,FLIP
ex_3515,6,removal,removal,False,0,0,True,FLIP
ex_3515,7,add_only,add_only,False,0,0,False,INVARIANT
ex_3518,1,add_only,add_only,False,0,0,False,INVARIANT
ex_3518,2,removal,removal,False,0,0,True,FLIP
ex_3518,3,removal,add_only,True,1,0,True,FLIP
ex_3518,4,removal,removal,False,0,0,True,FLIP
ex_3518,5,removal,removal,False,0,0,False,INVARIANT
ex_3518,6,add_only,add_only,False,0,0,False,INVARIANT
ex_3518,7,removal,removal,True,0,1,False,INVARIANT
ex_3519,1,removal,removal,False,0,0,True,FLIP
ex_3519,2,removal,removal,False,0,0,True,FLIP
ex_3519,3,removal,removal,False,0,0,False,INVARIANT
ex_3519,4,removal,removal,False,0,0,False,INVARIANT
ex_3519,5,removal,removal,False,0,0,False,INVARIANT
ex_3519,6,removal,removal,False,0,0,True,FLIP
ex_3519,7,removal,removal,True,0,1,True,FLIP
ex_3525,1,removal,removal,True,0,1,True,FLIP
ex_3525,2,removal,removal,False,0,0,True,FLIP
ex_3525,3,removal,removal,False,0,0,True,FLIP
ex_3525,4,add_only,add_only,False,0,0,False,INVARIANT
ex_3525,5,removal,removal,False,0,0,True,FLIP
ex_3525,6,removal,removal,False,0,0,False,INVARIANT
ex_3525,7,removal,removal,False,0,0,True,FLIP
ex_3528,1,add_only,add_only,False,0,0,False,INVARIANT
ex_3528,2,removal,removal,True,1,1,True,FLIP
ex_3528,3,add_only,add_only,False,0,0,False,INVARIANT
ex_3528,4,removal,removal,False,0,0,True,FLIP
ex_3528,5,removal,removal,False,0,0,False,INVARIANT
ex_3528,6,add_only,add_only,False,0,0,False,INVARIANT
ex_3528,7,removal,removal,False,0,0,True,FLIP
ex_3535,1,removal,removal,True,2,2,True,FLIP
ex_3535,2,removal,removal,False,0,0,False,INVARIANT
ex_3535,3,removal,removal,True,0,1,False,INVARIANT
ex_3535,4,removal,removal,False,0,0,True,FLIP
ex_3535,5,removal,removal,False,0,0,True,FLIP
ex_3535,6,removal,removal,False,0,0,False,INVARIANT
ex_3535,7,add_only,add_only,False,0,0,False,INVARIANT
ex_3549,1,removal,removal,False,0,0,True,FLIP
ex_3549,2,removal,removal,False,0,0,False,INVARIANT
ex_3549,3,removal,removal,False,0,0,True,FLIP
ex_3549,4,removal,removal,False,0,0,True,FLIP
ex_3549,5,removal,removal,False,0,0,False,INVARIANT
ex_3549,6,add_only,add_only,False,0,0,False,INVARIANT
ex_3549,7,removal,removal,False,0,0,True,FLIP
ex_3554,1,removal,removal,False,0,0,True,FLIP
ex_3554,2,removal,removal,False,0,0,False,INVARIANT
ex_3554,3,removal,removal,False,0,0,True,FLIP
ex_3554,4,removal,removal,False,0,0,True,FLIP
ex_3554,5,removal,removal,False,0,0,True,FLIP
ex_3554,6,removal,removal,False,0,0,True,FLIP
ex_3554,7,removal,removal,False,0,0,True,FLIP
ex_3562,1,removal,removal,False,0,0,True,FLIP
ex_3562,2,removal,removal,False,0,0,True,FLIP
ex_3562,3,removal,removal,False,0,0,False,INVARIANT
ex_3562,4,removal,removal,False,0,0,True,FLIP
ex_3562,5,removal,removal,False,0,0,True,FLIP
ex_3562,6,removal,removal,False,0,0,True,FLIP
ex_3562,7,removal,removal,True,0,1,False,INVARIANT
ex_3563,1,removal,removal,False,0,0,False,INVARIANT
ex_3563,2,add_only,add_only,False,0,0,True,FLIP
ex_3563,3,removal,removal,False,0,0,True,FLIP
ex_3563,4,removal,add_only,True,1,1,False,INVARIANT
ex_3563,5,add_only,add_only,False,0,0,False,INVARIANT
ex_3563,6,removal,removal,False,0,0,True,FLIP
ex_3563,7,add_only,add_only,False,0,0,False,INVARIANT
ex_3568,1,add_only,add_only,False,0,0,False,INVARIANT
ex_3568,2,add_only,add_only,False,0,0,False,INVARIANT
ex_3568,3,add_only,add_only,False,0,0,False,INVARIANT
ex_3568,4,removal,removal,False,0,0,True,FLIP
ex_3568,5,removal,removal,False,0,0,True,FLIP
ex_3568,6,add_only,add_only,False,0,0,False,INVARIANT
ex_3568,7,removal,add_only,True,1,1,False,INVARIANT
ex_3572,1,removal,add_only,True,1,0,False,INVARIANT
ex_3572,2,removal,removal,True,1,0,True,FLIP
ex_3572,3,removal,removal,False,0,0,True,FLIP
ex_3572,4,removal,removal,False,0,0,True,FLIP
ex_3572,5,add_only,add_only,False,0,0,False,INVARIANT
ex_3572,6,removal,removal,False,0,0,False,INVARIANT
ex_3572,7,add_only,add_only,False,0,0,False,INVARIANT
ex_3573,1,removal,removal,True,0,1,True,FLIP
ex_3573,2,removal,removal,False,0,0,True,FLIP
ex_3573,3,add_only,add_only,False,0,0,False,INVARIANT
ex_3573,4,add_only,add_only,False,0,0,False,INVARIANT
ex_3573,5,add_only,add_only,False,0,0,False,INVARIANT
ex_3573,6,add_only,add_only,False,0,0,False,INVARIANT
ex_3573,7,add_only,add_only,False,0,0,False,INVARIANT
ex_3579,1,removal,removal,False,0,0,True,FLIP
ex_3579,2,removal,add_only,True,1,1,False,INVARIANT
ex_3579,3,removal,removal,False,0,0,False,INVARIANT
ex_3579,4,add_only,add_only,False,0,0,False,INVARIANT
ex_3579,5,removal,removal,True,0,1,False,INVARIANT
ex_3579,6,add_only,add_only,False,0,0,False,INVARIANT
ex_3579,7,removal,removal,False,0,0,True,FLIP
ex_3586,1,removal,removal,False,0,0,True,FLIP
ex_3586,2,removal,removal,False,0,0,True,FLIP
ex_3586,3,removal,removal,False,0,0,True,FLIP
ex_3586,4,add_only,add_only,False,0,0,False,INVARIANT
ex_3586,5,add_only,add_only,False,0,0,True,FLIP
ex_3586,6,removal,removal,False,0,0,True,FLIP
ex_3586,7,removal,removal,True,0,2,False,INVARIANT
ex_3600,1,add_only,add_only,False,0,0,False,INVARIANT
ex_3600,2,removal,removal,False,0,0,True,FLIP
ex_3600,3,removal,removal,False,0,0,True,FLIP
ex_3600,4,removal,removal,False,0,0,True,FLIP
ex_3600,5,removal,removal,False,0,0,True,FLIP
ex_3600,6,removal,removal,False,0,0,True,FLIP
ex_3600,7,removal,removal,False,0,0,True,FLIP
ex_3601,1,add_only,add_only,False,0,0,True,FLIP
ex_3601,2,removal,removal,False,0,0,True,FLIP
ex_3601,3,add_only,add_only,False,0,0,False,INVARIANT
ex_3601,4,removal,removal,False,0,0,True,FLIP
ex_3601,5,removal,removal,False,0,0,True,FLIP
ex_3601,6,removal,removal,False,0,0,True,FLIP
ex_3601,7,removal,removal,False,0,0,True,FLIP
ex_361,1,removal,removal,False,0,0,True,FLIP
ex_361,2,removal,removal,False,0,0,True,FLIP
ex_361,3,removal,removal,True,0,1,False,INVARIANT
ex_361,4,add_only,add_only,False,0,0,False,INVARIANT
ex_361,5,removal,removal,False,0,0,False,INVARIANT
ex_361,6,add_only,add_only,False,0,0,False,INVARIANT
ex_361,7,removal,removal,True,0,1,False,INVARIANT
ex_3610,1,add_only,add_only,False,0,0,False,INVARIANT
ex_3610,2,add_only,add_only,False,0,0,False,INVARIANT
ex_3610,3,removal,removal,False,0,0,True,FLIP
ex_3610,4,add_only,add_only,False,0,0,False,INVARIANT
ex_3610,5,add_only,add_only,False,0,0,False,INVARIANT
ex_3610,6,add_only,add_only,False,0,0,False,INVARIANT
ex_3610,7,removal,removal,False,0,0,True,FLIP
ex_3611,1,removal,removal,False,0,0,True,FLIP
ex_3611,2,removal,removal,False,0,0,True,FLIP
ex_3611,3,removal,removal,False,0,0,False,INVARIANT
ex_3611,4,removal,removal,False,0,0,True,FLIP
ex_3611,5,add_only,add_only,False,0,0,False,INVARIANT
ex_3611,6,add_only,add_only,False,0,0,False,INVARIANT
ex_3611,7,removal,removal,False,0,0,True,FLIP
ex_3616,1,add_only,add_only,False,0,0,False,INVARIANT
ex_3616,2,removal,removal,False,0,0,True,FLIP
ex_3616,3,removal,removal,False,0,0,True,FLIP
ex_3616,4,removal,removal,False,0,0,False,INVARIANT
ex_3616,5,removal,removal,False,0,0,True,FLIP
ex_3616,6,removal,removal,False,0,0,False,INVARIANT
ex_3616,7,add_only,add_only,False,0,0,False,INVARIANT
ex_3621,1,add_only,add_only,False,0,0,False,INVARIANT
ex_3621,2,removal,removal,False,0,0,True,FLIP
ex_3621,3,removal,removal,True,0,4,False,INVARIANT
ex_3621,4,removal,removal,False,0,0,False,INVARIANT
ex_3621,5,removal,removal,False,0,0,True,FLIP
ex_3621,6,removal,removal,False,0,0,False,INVARIANT
ex_3621,7,removal,removal,False,0,0,True,FLIP
ex_3626,1,removal,removal,False,0,0,False,INVARIANT
ex_3626,2,add_only,add_only,False,0,0,False,INVARIANT
ex_3626,3,removal,removal,False,0,0,False,INVARIANT
ex_3626,4,removal,removal,False,0,0,False,INVARIANT
ex_3626,5,removal,removal,False,0,0,True,FLIP
ex_3626,6,add_only,add_only,False,0,0,False,INVARIANT
ex_3626,7,removal,removal,False,0,0,True,FLIP
ex_3627,1,add_only,add_only,False,0,0,True,FLIP
ex_3627,2,removal,removal,True,0,1,False,INVARIANT
ex_3627,3,removal,add_only,True,1,1,False,INVARIANT
ex_3627,4,removal,removal,False,0,0,True,FLIP
ex_3627,5,removal,removal,False,0,0,True,FLIP
ex_3627,6,removal,removal,False,0,0,True,FLIP
ex_3627,7,removal,removal,False,0,0,True,FLIP
ex_3630,1,removal,removal,False,0,0,True,FLIP
ex_3630,2,add_only,add_only,False,0,0,False,INVARIANT
ex_3630,3,add_only,add_only,False,0,0,False,INVARIANT
ex_3630,4,removal,removal,True,0,1,False,INVARIANT
ex_3630,5,removal,removal,False,0,0,True,FLIP
ex_3630,6,removal,removal,False,0,0,True,FLIP
ex_3630,7,removal,removal,False,0,0,True,FLIP
ex_3631,1,removal,removal,False,0,0,False,INVARIANT
ex_3631,2,add_only,add_only,False,0,0,False,INVARIANT
ex_3631,3,add_only,add_only,False,0,0,False,INVARIANT
ex_3631,4,removal,removal,True,0,1,True,FLIP
ex_3631,5,add_only,add_only,False,0,0,False,INVARIANT
ex_3631,6,removal,removal,True,1,1,True,FLIP
ex_3631,7,add_only,add_only,False,0,0,False,INVARIANT
ex_3641,1,removal,removal,False,0,0,True,FLIP
ex_3641,2,add_only,add_only,False,0,0,False,INVARIANT
ex_3641,3,removal,removal,False,0,0,True,FLIP
ex_3641,4,removal,removal,False,0,0,True,FLIP
ex_3641,5,removal,removal,False,0,0,True,FLIP
ex_3641,6,removal,removal,False,0,0,True,FLIP
ex_3641,7,removal,removal,False,0,0,False,INVARIANT
ex_3651,1,removal,removal,False,0,0,False,INVARIANT
ex_3651,2,removal,removal,False,0,0,False,INVARIANT
ex_3651,3,add_only,add_only,False,0,0,False,INVARIANT
ex_3651,4,add_only,add_only,False,0,0,False,INVARIANT
ex_3651,5,removal,removal,False,0,0,True,FLIP
ex_3651,6,removal,removal,False,0,0,True,FLIP
ex_3651,7,removal,removal,True,0,1,False,INVARIANT
ex_366,1,removal,removal,False,0,0,True,FLIP
ex_366,2,removal,removal,False,0,0,False,INVARIANT
ex_366,3,removal,removal,True,0,1,False,INVARIANT
ex_366,4,removal,removal,False,0,0,True,FLIP
ex_366,5,add_only,add_only,False,0,0,False,INVARIANT
ex_366,6,removal,removal,False,0,0,False,INVARIANT
ex_366,7,removal,removal,True,1,1,True,FLIP
ex_3660,1,removal,removal,False,0,0,True,FLIP
ex_3660,2,removal,removal,False,0,0,True,FLIP
ex_3660,3,add_only,add_only,False,0,0,False,INVARIANT
ex_3660,4,add_only,add_only,False,0,0,False,INVARIANT
ex_3660,5,add_only,add_only,False,0,0,False,INVARIANT
ex_3660,6,removal,removal,False,0,0,True,FLIP
ex_3660,7,add_only,add_only,False,0,0,False,INVARIANT
ex_3661,1,add_only,add_only,False,0,0,False,INVARIANT
ex_3661,2,removal,removal,False,0,0,False,INVARIANT
ex_3661,3,removal,removal,False,0,0,False,INVARIANT
ex_3661,4,removal,removal,False,0,0,True,FLIP
ex_3661,5,add_only,add_only,False,0,0,False,INVARIANT
ex_3661,6,add_only,add_only,False,0,0,False,INVARIANT
ex_3661,7,removal,removal,False,0,0,True,FLIP
ex_3667,1,add_only,add_only,False,0,0,False,INVARIANT
ex_3667,2,removal,removal,False,0,0,True,FLIP
ex_3667,3,add_only,add_only,False,0,0,False,INVARIANT
ex_3667,4,removal,removal,False,0,0,True,FLIP
ex_3667,5,removal,removal,False,0,0,False,INVARIANT
ex_3667,6,removal,removal,False,0,0,True,FLIP
ex_3667,7,add_only,add_only,False,0,0,False,INVARIANT
ex_3670,1,add_only,add_only,False,0,0,False,INVARIANT
ex_3670,2,removal,removal,True,0,1,True,FLIP
ex_3670,3,removal,removal,False,0,0,True,FLIP
ex_3670,4,removal,removal,False,0,0,True,FLIP
ex_3670,5,removal,removal,False,0,0,True,FLIP
ex_3670,6,removal,removal,False,0,0,True,FLIP
ex_3670,7,removal,removal,False,0,0,True,FLIP
ex_3671,1,removal,removal,True,0,1,True,FLIP
ex_3671,2,removal,removal,False,0,0,False,INVARIANT
ex_3671,3,removal,removal,True,1,0,True,FLIP
ex_3671,4,removal,removal,False,0,0,True,FLIP
ex_3671,5,removal,removal,False,0,0,True,FLIP
ex_3671,6,removal,removal,False,0,0,True,FLIP
ex_3671,7,removal,removal,False,0,0,True,FLIP
ex_3684,1,removal,removal,False,0,0,True,FLIP
ex_3684,2,removal,removal,False,0,0,True,FLIP
ex_3684,3,add_only,add_only,False,0,0,False,INVARIANT
ex_3684,4,removal,removal,False,0,0,True,FLIP
ex_3684,5,add_only,add_only,False,0,0,False,INVARIANT
ex_3684,6,removal,removal,False,0,0,True,FLIP
ex_3684,7,removal,removal,False,0,0,True,FLIP
ex_3704,1,removal,removal,True,1,1,True,FLIP
ex_3704,2,removal,removal,False,0,0,True,FLIP
ex_3704,3,removal,removal,False,0,0,True,FLIP
ex_3704,4,removal,removal,False,0,0,True,FLIP
ex_3704,5,removal,removal,False,0,0,True,FLIP
ex_3704,6,removal,removal,False,0,0,True,FLIP
ex_3704,7,removal,removal,False,0,0,True,FLIP
ex_3705,1,removal,removal,False,0,0,True,FLIP
ex_3705,2,removal,removal,False,0,0,True,FLIP
ex_3705,3,add_only,add_only,False,0,0,False,INVARIANT
ex_3705,4,removal,removal,True,1,0,True,FLIP
ex_3705,5,removal,removal,False,0,0,True,FLIP
ex_3705,6,removal,removal,False,0,0,True,FLIP
ex_3705,7,add_only,add_only,False,0,0,False,INVARIANT
ex_3712,1,removal,removal,False,0,0,True,FLIP
ex_3712,2,add_only,add_only,False,0,0,False,INVARIANT
ex_3712,3,removal,add_only,True,1,1,False,INVARIANT
ex_3712,4,removal,removal,True,0,1,True,FLIP
ex_3712,5,add_only,add_only,False,0,0,False,INVARIANT
ex_3712,6,removal,removal,False,0,0,True,FLIP
ex_3712,7,removal,removal,False,0,0,True,FLIP
ex_3715,1,add_only,add_only,False,0,0,False,INVARIANT
ex_3715,2,removal,removal,False,0,0,False,INVARIANT
ex_3715,3,removal,add_only,True,1,1,False,INVARIANT
ex_3715,4,removal,removal,False,0,0,False,INVARIANT
ex_3715,5,add_only,add_only,False,0,0,False,INVARIANT
ex_3715,6,removal,removal,True,1,0,True,FLIP
ex_3715,7,removal,removal,False,0,0,False,INVARIANT
ex_3718,1,removal,removal,False,0,0,True,FLIP
ex_3718,2,removal,removal,True,0,1,False,INVARIANT
ex_3718,3,add_only,add_only,False,0,0,False,INVARIANT
ex_3718,4,add_only,add_only,False,0,0,False,INVARIANT
ex_3718,5,add_only,add_only,False,0,0,False,INVARIANT
ex_3718,6,add_only,add_only,False,0,0,False,INVARIANT
ex_3718,7,removal,removal,False,0,0,False,INVARIANT
ex_3722,1,removal,removal,False,0,0,True,FLIP
ex_3722,2,removal,removal,False,0,0,True,FLIP
ex_3722,3,removal,removal,False,0,0,True,FLIP
ex_3722,4,add_only,add_only,False,0,0,False,INVARIANT
ex_3722,5,add_only,add_only,False,0,0,False,INVARIANT
ex_3722,6,add_only,add_only,False,0,0,False,INVARIANT
ex_3722,7,removal,removal,False,0,0,True,FLIP
ex_3724,1,removal,removal,False,0,0,False,INVARIANT
ex_3724,2,removal,removal,False,0,0,True,FLIP
ex_3724,3,removal,removal,False,0,0,True,FLIP
ex_3724,4,removal,removal,False,0,0,True,FLIP
ex_3724,5,removal,removal,True,0,1,False,INVARIANT
ex_3724,6,removal,removal,False,0,0,True,FLIP
ex_3724,7,removal,removal,False,0,0,True,FLIP
ex_3738,1,removal,removal,False,0,0,True,FLIP
ex_3738,2,removal,removal,False,0,0,True,FLIP
ex_3738,3,removal,removal,False,0,0,True,FLIP
ex_3738,4,removal,removal,False,0,0,True,FLIP
ex_3738,5,removal,removal,False,0,0,True,FLIP
ex_3738,6,removal,removal,False,0,0,True,FLIP
ex_3738,7,removal,removal,False,0,0,True,FLIP
ex_3742,1,add_only,add_only,False,0,0,False,INVARIANT
ex_3742,2,add_only,add_only,False,0,0,False,INVARIANT
ex_3742,3,add_only,add_only,False,0,0,False,INVARIANT
ex_3742,4,add_only,add_only,False,0,0,False,INVARIANT
ex_3742,5,removal,removal,True,1,0,True,FLIP
ex_3742,6,add_only,add_only,False,0,0,False,INVARIANT
ex_3742,7,add_only,add_only,False,0,0,False,INVARIANT
ex_3743,1,removal,removal,True,0,1,False,INVARIANT
ex_3743,2,removal,removal,False,0,0,True,FLIP
ex_3743,3,removal,removal,False,0,0,True,FLIP
ex_3743,4,removal,removal,False,0,0,False,INVARIANT
ex_3743,5,add_only,add_only,False,0,0,False,INVARIANT
ex_3743,6,add_only,add_only,False,0,0,False,INVARIANT
ex_3743,7,removal,removal,False,0,0,True,FLIP
ex_3752,1,removal,removal,False,0,0,True,FLIP
ex_3752,2,removal,removal,False,0,0,True,FLIP
ex_3752,3,add_only,add_only,False,0,0,False,INVARIANT
ex_3752,4,removal,removal,False,0,0,True,FLIP
ex_3752,5,add_only,add_only,False,0,0,False,INVARIANT
ex_3752,6,removal,removal,False,0,0,True,FLIP
ex_3752,7,removal,removal,False,0,0,True,FLIP
ex_376,1,add_only,add_only,False,0,0,False,INVARIANT
ex_376,2,removal,removal,False,0,0,True,FLIP
ex_376,3,removal,removal,False,0,0,False,INVARIANT
ex_376,4,removal,removal,False,0,0,True,FLIP
ex_376,5,removal,removal,False,0,0,False,INVARIANT
ex_376,6,removal,removal,False,0,0,True,FLIP
ex_376,7,removal,removal,False,0,0,False,INVARIANT
ex_3762,1,removal,removal,False,0,0,True,FLIP
ex_3762,2,removal,removal,False,0,0,False,INVARIANT
ex_3762,3,removal,removal,False,0,0,True,FLIP
ex_3762,4,add_only,add_only,False,0,0,False,INVARIANT
ex_3762,5,removal,removal,False,0,0,True,FLIP
ex_3762,6,removal,removal,False,0,0,True,FLIP
ex_3762,7,removal,removal,False,0,0,False,INVARIANT
ex_3763,1,add_only,add_only,False,0,0,False,INVARIANT
ex_3763,2,removal,removal,False,0,0,True,FLIP
ex_3763,3,add_only,add_only,False,0,0,False,INVARIANT
ex_3763,4,add_only,add_only,False,0,0,False,INVARIANT
ex_3763,5,add_only,add_only,False,0,0,False,INVARIANT
ex_3763,6,add_only,add_only,False,0,0,False,INVARIANT
ex_3763,7,removal,removal,False,0,0,True,FLIP
ex_3773,1,add_only,add_only,False,0,0,False,INVARIANT
ex_3773,2,add_only,add_only,False,0,0,False,INVARIANT
ex_3773,3,add_only,add_only,False,0,0,False,INVARIANT
ex_3773,4,removal,removal,False,0,0,False,INVARIANT
ex_3773,5,add_only,add_only,False,0,0,False,INVARIANT
ex_3773,6,add_only,add_only,False,0,0,False,INVARIANT
ex_3773,7,add_only,add_only,False,0,0,False,INVARIANT
ex_3779,1,removal,removal,True,0,1,True,FLIP
ex_3779,2,removal,removal,False,0,0,True,FLIP
ex_3779,3,add_only,add_only,False,0,0,False,INVARIANT
ex_3779,4,removal,removal,True,2,0,True,FLIP
ex_3779,5,removal,removal,False,0,0,True,FLIP
ex_3779,6,add_only,add_only,False,0,0,False,INVARIANT
ex_3779,7,add_only,add_only,False,0,0,False,INVARIANT
ex_3780,1,add_only,add_only,False,0,0,False,INVARIANT
ex_3780,2,add_only,add_only,False,0,0,False,INVARIANT
ex_3780,3,removal,removal,False,0,0,True,FLIP
ex_3780,4,removal,removal,False,0,0,True,FLIP
ex_3780,5,removal,removal,False,0,0,False,INVARIANT
ex_3780,6,removal,removal,False,0,0,False,INVARIANT
ex_3780,7,removal,removal,False,0,0,True,FLIP
ex_3781,1,removal,removal,False,0,0,True,FLIP
ex_3781,2,removal,removal,False,0,0,True,FLIP
ex_3781,3,removal,removal,False,0,0,True,FLIP
ex_3781,4,add_only,add_only,False,0,0,False,INVARIANT
ex_3781,5,removal,removal,True,0,0,True,FLIP
ex_3781,6,removal,removal,False,0,0,True,FLIP
ex_3781,7,removal,removal,False,0,0,True,FLIP
ex_3787,1,removal,removal,True,1,1,True,FLIP
ex_3787,2,removal,removal,False,0,0,True,FLIP
ex_3787,3,removal,removal,False,0,0,True,FLIP
ex_3787,4,removal,removal,False,0,0,False,INVARIANT
ex_3787,5,removal,removal,False,0,0,True,FLIP
ex_3787,6,removal,removal,False,0,0,False,INVARIANT
ex_3787,7,removal,removal,False,0,0,True,FLIP
ex_3800,1,removal,removal,False,0,0,False,INVARIANT
ex_3800,2,removal,removal,False,0,0,True,FLIP
ex_3800,3,removal,removal,False,0,0,False,INVARIANT
ex_3800,4,removal,removal,True,0,1,False,INVARIANT
ex_3800,5,removal,removal,False,0,0,False,INVARIANT
ex_3800,6,removal,removal,False,0,0,False,INVARIANT
ex_3800,7,removal,removal,True,0,1,False,INVARIANT
ex_3806,1,removal,removal,False,0,0,False,INVARIANT
ex_3806,2,add_only,add_only,False,0,0,False,INVARIANT
ex_3806,3,removal,removal,False,0,0,True,FLIP
ex_3806,4,removal,removal,False,0,0,True,FLIP
ex_3806,5,removal,removal,False,0,0,True,FLIP
ex_3806,6,removal,removal,True,0,1,False,INVARIANT
ex_3806,7,removal,removal,False,0,0,True,FLIP
ex_3816,1,removal,removal,False,0,0,True,FLIP
ex_3816,2,add_only,add_only,False,0,0,True,FLIP
ex_3816,3,removal,removal,True,2,2,False,INVARIANT
ex_3816,4,removal,add_only,True,1,0,False,INVARIANT
ex_3816,5,removal,removal,False,0,0,True,FLIP
ex_3816,6,removal,removal,False,0,0,True,FLIP
ex_3816,7,add_only,add_only,False,0,0,False,INVARIANT
ex_3826,1,add_only,add_only,False,0,0,True,FLIP
ex_3826,2,add_only,add_only,False,0,0,False,INVARIANT
ex_3826,3,removal,removal,True,1,0,True,FLIP
ex_3826,4,add_only,add_only,False,0,0,False,INVARIANT
ex_3826,5,removal,removal,False,0,0,True,FLIP
ex_3826,6,removal,removal,False,0,0,True,FLIP
ex_3826,7,add_only,add_only,False,0,0,False,INVARIANT
ex_3827,1,add_only,add_only,False,0,0,False,INVARIANT
ex_3827,2,add_only,add_only,False,0,0,False,INVARIANT
ex_3827,3,removal,removal,False,0,0,True,FLIP
ex_3827,4,add_only,add_only,False,0,0,False,INVARIANT
ex_3827,5,removal,removal,False,0,0,True,FLIP
ex_3827,6,removal,add_only,True,1,0,False,INVARIANT
ex_3827,7,removal,removal,False,0,0,True,FLIP
ex_383,1,add_only,add_only,False,0,0,False,INVARIANT
ex_383,2,removal,removal,True,0,1,False,INVARIANT
ex_383,3,removal,removal,False,0,0,True,FLIP
ex_383,4,removal,removal,False,0,0,True,FLIP
ex_383,5,removal,removal,False,0,0,True,FLIP
ex_383,6,removal,removal,False,0,0,True,FLIP
ex_383,7,removal,removal,False,0,0,False,INVARIANT
ex_3831,1,removal,removal,False,0,0,False,INVARIANT
ex_3831,2,add_only,add_only,False,0,0,False,INVARIANT
ex_3831,3,add_only,add_only,False,0,0,False,INVARIANT
ex_3831,4,add_only,add_only,False,0,0,False,INVARIANT
ex_3831,5,add_only,add_only,True,0,0,False,INVARIANT
ex_3831,6,removal,removal,True,1,0,True,FLIP
ex_3831,7,removal,removal,True,0,0,True,FLIP
ex_3837,1,add_only,add_only,False,0,0,False,INVARIANT
ex_3837,2,add_only,add_only,False,0,0,False,INVARIANT
ex_3837,3,removal,removal,False,0,0,True,FLIP
ex_3837,4,removal,removal,False,0,0,True,FLIP
ex_3837,5,removal,removal,False,0,0,True,FLIP
ex_3837,6,removal,removal,False,0,0,True,FLIP
ex_3837,7,removal,removal,False,0,0,False,INVARIANT
ex_385,1,removal,removal,False,0,0,True,FLIP
ex_385,2,removal,removal,False,0,0,True,FLIP
ex_385,3,removal,removal,False,0,0,True,FLIP
ex_385,4,removal,removal,False,0,0,True,FLIP
ex_385,5,removal,removal,False,0,0,True,FLIP
ex_385,6,removal,add_only,True,1,1,False,INVARIANT
ex_385,7,removal,removal,True,0,1,True,FLIP
ex_3860,1,removal,removal,False,0,0,False,INVARIANT
ex_3860,2,removal,removal,False,0,0,True,FLIP
ex_3860,3,removal,removal,False,0,0,False,INVARIANT
ex_3860,4,add_only,add_only,False,0,0,False,INVARIANT
ex_3860,5,add_only,add_only,True,0,0,False,INVARIANT
ex_3860,6,add_only,add_only,False,0,0,False,INVARIANT
ex_3860,7,removal,removal,False,0,0,True,FLIP
ex_3866,1,removal,removal,False,0,0,True,FLIP
ex_3866,2,removal,removal,False,0,0,False,INVARIANT
ex_3866,3,add_only,add_only,True,0,1,False,INVARIANT
ex_3866,4,removal,removal,False,0,0,True,FLIP
ex_3866,5,removal,removal,False,0,0,True,FLIP
ex_3866,6,removal,removal,True,1,1,True,FLIP
ex_3866,7,removal,removal,True,1,0,True,FLIP
ex_3871,1,add_only,add_only,False,0,0,False,INVARIANT
ex_3871,2,removal,removal,False,0,0,True,FLIP
ex_3871,3,add_only,add_only,False,0,0,False,INVARIANT
ex_3871,4,add_only,add_only,False,0,0,False,INVARIANT
ex_3871,5,removal,removal,False,0,0,True,FLIP
ex_3871,6,none,add_only,True,0,0,False,INVARIANT
ex_3871,7,add_only,add_only,False,0,0,False,INVARIANT
ex_3884,1,removal,removal,False,0,0,False,INVARIANT
ex_3884,2,removal,removal,False,0,0,True,FLIP
ex_3884,3,removal,removal,False,0,0,True,FLIP
ex_3884,4,removal,removal,False,0,0,True,FLIP
ex_3884,5,removal,removal,False,0,0,False,INVARIANT
ex_3884,6,removal,removal,False,0,0,True,FLIP
ex_3884,7,removal,removal,False,0,0,True,FLIP
ex_3885,1,add_only,add_only,False,0,0,False,INVARIANT
ex_3885,2,removal,add_only,True,1,1,False,INVARIANT
ex_3885,3,removal,removal,False,0,0,True,FLIP
ex_3885,4,add_only,add_only,False,0,0,False,INVARIANT
ex_3885,5,add_only,add_only,False,0,0,False,INVARIANT
ex_3885,6,add_only,add_only,False,0,0,False,INVARIANT
ex_3885,7,removal,add_only,True,1,1,False,INVARIANT
ex_3888,1,add_only,add_only,False,0,0,False,INVARIANT
ex_3888,2,removal,removal,False,0,0,True,FLIP
ex_3888,3,add_only,add_only,False,0,0,False,INVARIANT
ex_3888,4,removal,removal,False,0,0,True,FLIP
ex_3888,5,removal,removal,False,0,0,True,FLIP
ex_3888,6,removal,removal,False,0,0,True,FLIP
ex_3888,7,none,none,False,0,0,False,INVARIANT
ex_3889,1,add_only,add_only,False,0,0,False,INVARIANT
ex_3889,2,removal,removal,False,0,0,True,FLIP
ex_3889,3,removal,removal,False,0,0,False,INVARIANT
ex_3889,4,add_only,add_only,False,0,0,False,INVARIANT
ex_3889,5,removal,removal,False,0,0,True,FLIP
ex_3889,6,add_only,add_only,False,0,0,False,INVARIANT
ex_3889,7,removal,removal,False,0,0,True,FLIP
ex_3903,1,add_only,add_only,False,0,0,False,INVARIANT
ex_3903,2,add_only,add_only,False,0,0,False,INVARIANT
ex_3903,3,removal,removal,False,0,0,True,FLIP
ex_3903,4,removal,removal,False,0,0,True,FLIP
ex_3903,5,add_only,add_only,False,0,0,False,INVARIANT
ex_3903,6,add_only,add_only,False,0,0,False,INVARIANT
ex_3903,7,removal,removal,False,0,0,True,FLIP
ex_3914,1,removal,removal,False,0,0,True,FLIP
ex_3914,2,removal,removal,False,0,0,True,FLIP
ex_3914,3,removal,removal,False,0,0,True,FLIP
ex_3914,4,removal,add_only,True,1,0,False,INVARIANT
ex_3914,5,add_only,add_only,False,0,0,False,INVARIANT
ex_3914,6,add_only,add_only,False,0,0,False,INVARIANT
ex_3914,7,removal,removal,False,0,0,True,FLIP
ex_3915,1,removal,removal,False,0,0,True,FLIP
ex_3915,2,removal,removal,False,0,0,True,FLIP
ex_3915,3,add_only,add_only,False,0,0,False,INVARIANT
ex_3915,4,removal,removal,False,0,0,True,FLIP
ex_3915,5,add_only,add_only,False,0,0,False,INVARIANT
ex_3915,6,add_only,add_only,False,0,0,False,INVARIANT
ex_3915,7,add_only,add_only,False,0,0,False,INVARIANT
ex_3919,1,add_only,add_only,False,0,0,False,INVARIANT
ex_3919,2,removal,removal,False,0,0,True,FLIP
ex_3919,3,removal,removal,True,0,2,False,INVARIANT
ex_3919,4,add_only,add_only,False,0,0,False,INVARIANT
ex_3919,5,add_only,add_only,False,0,0,False,INVARIANT
ex_3919,6,removal,removal,False,0,0,True,FLIP
ex_3919,7,removal,removal,False,0,0,True,FLIP
ex_3924,1,removal,removal,True,0,1,False,INVARIANT
ex_3924,2,add_only,add_only,False,0,0,False,INVARIANT
ex_3924,3,removal,add_only,True,1,1,False,INVARIANT
ex_3924,4,add_only,add_only,False,0,0,False,INVARIANT
ex_3924,5,removal,removal,False,0,0,True,FLIP
ex_3924,6,removal,removal,False,0,0,True,FLIP
ex_3924,7,removal,removal,False,0,0,True,FLIP
ex_3928,1,add_only,add_only,False,0,0,False,INVARIANT
ex_3928,2,removal,removal,False,0,0,False,INVARIANT
ex_3928,3,add_only,add_only,False,0,0,False,INVARIANT
ex_3928,4,removal,removal,False,0,0,False,INVARIANT
ex_3928,5,removal,removal,False,0,0,False,INVARIANT
ex_3928,6,add_only,add_only,False,0,0,False,INVARIANT
ex_3928,7,removal,add_only,True,1,0,False,INVARIANT
ex_3935,1,removal,removal,False,0,0,False,INVARIANT
ex_3935,2,removal,removal,False,0,0,True,FLIP
ex_3935,3,removal,removal,True,0,1,False,INVARIANT
ex_3935,4,add_only,add_only,False,0,0,False,INVARIANT
ex_3935,5,removal,removal,False,0,0,True,FLIP
ex_3935,6,add_only,add_only,False,0,0,False,INVARIANT
ex_3935,7,add_only,add_only,False,0,0,False,INVARIANT
ex_3938,1,removal,removal,False,0,0,True,FLIP
ex_3938,2,removal,removal,False,0,0,True,FLIP
ex_3938,3,removal,removal,False,0,0,False,INVARIANT
ex_3938,4,removal,removal,False,0,0,True,FLIP
ex_3938,5,removal,removal,False,0,0,True,FLIP
ex_3938,6,removal,removal,False,0,0,True,FLIP
ex_3938,7,removal,add_only,True,1,1,False,INVARIANT
ex_3942,1,removal,removal,False,0,0,True,FLIP
ex_3942,2,removal,removal,False,0,0,True,FLIP
ex_3942,3,add_only,add_only,False,0,0,False,INVARIANT
ex_3942,4,removal,removal,False,0,0,True,FLIP
ex_3942,5,add_only,add_only,False,0,0,False,INVARIANT
ex_3942,6,removal,removal,False,0,0,True,FLIP
ex_3942,7,removal,removal,False,0,0,True,FLIP
ex_3944,1,removal,removal,False,0,0,True,FLIP
ex_3944,2,add_only,add_only,False,0,0,False,INVARIANT
ex_3944,3,removal,removal,False,0,0,True,FLIP
ex_3944,4,add_only,add_only,False,0,0,False,INVARIANT
ex_3944,5,removal,removal,False,0,0,False,INVARIANT
ex_3944,6,removal,add_only,True,3,3,False,INVARIANT
ex_3944,7,add_only,add_only,False,0,0,False,INVARIANT
ex_3945,1,removal,removal,False,0,0,True,FLIP
ex_3945,2,removal,removal,False,0,0,False,INVARIANT
ex_3945,3,add_only,add_only,False,0,0,False,INVARIANT
ex_3945,4,removal,removal,False,0,0,False,INVARIANT
ex_3945,5,removal,removal,False,0,0,False,INVARIANT
ex_3945,6,removal,removal,False,0,0,True,FLIP
ex_3945,7,removal,removal,False,0,0,True,FLIP
ex_3949,1,removal,removal,False,0,0,True,FLIP
ex_3949,2,removal,removal,False,0,0,False,INVARIANT
ex_3949,3,removal,removal,False,0,0,True,FLIP
ex_3949,4,removal,removal,False,0,0,True,FLIP
ex_3949,5,add_only,add_only,False,0,0,True,FLIP
ex_3949,6,add_only,add_only,False,0,0,False,INVARIANT
ex_3949,7,removal,removal,False,0,0,True,FLIP
ex_395,1,add_only,add_only,True,0,1,False,INVARIANT
ex_395,2,removal,add_only,True,1,1,False,INVARIANT
ex_395,3,add_only,add_only,False,0,0,False,INVARIANT
ex_395,4,add_only,add_only,False,0,0,False,INVARIANT
ex_395,5,removal,removal,True,1,0,True,FLIP
ex_395,6,add_only,add_only,False,0,0,False,INVARIANT
ex_395,7,removal,removal,False,0,0,True,FLIP
ex_3952,1,add_only,add_only,False,0,0,False,INVARIANT
ex_3952,2,add_only,add_only,False,0,0,False,INVARIANT
ex_3952,3,add_only,add_only,False,0,0,False,INVARIANT
ex_3952,4,removal,removal,False,0,0,True,FLIP
ex_3952,5,add_only,add_only,False,0,0,False,INVARIANT
ex_3952,6,removal,removal,False,0,0,True,FLIP
ex_3952,7,removal,removal,False,0,0,True,FLIP
ex_3963,1,removal,removal,True,2,2,True,FLIP
ex_3963,2,removal,removal,False,0,0,True,FLIP
ex_3963,3,removal,removal,False,0,0,True,FLIP
ex_3963,4,removal,removal,False,0,0,True,FLIP
ex_3963,5,removal,removal,False,0,0,False,INVARIANT
ex_3963,6,add_only,add_only,False,0,0,False,INVARIANT
ex_3963,7,removal,removal,False,0,0,True,FLIP
ex_3964,1,add_only,add_only,False,0,0,False,INVARIANT
ex_3964,2,add_only,add_only,False,0,0,False,INVARIANT
ex_3964,3,add_only,add_only,False,0,0,False,INVARIANT
ex_3964,4,removal,removal,False,0,0,True,FLIP
ex_3964,5,add_only,add_only,False,0,0,False,INVARIANT
ex_3964,6,add_only,add_only,False,0,0,False,INVARIANT
ex_3964,7,removal,removal,True,1,1,True,FLIP
ex_3978,1,removal,removal,True,1,1,True,FLIP
ex_3978,2,add_only,add_only,False,0,0,False,INVARIANT
ex_3978,3,removal,removal,False,0,0,True,FLIP
ex_3978,4,removal,removal,False,0,0,True,FLIP
ex_3978,5,removal,removal,False,0,0,True,FLIP
ex_3978,6,removal,removal,True,0,1,False,INVARIANT
ex_3978,7,removal,removal,True,0,2,False,INVARIANT
ex_3979,1,removal,removal,False,0,0,True,FLIP
ex_3979,2,removal,removal,False,0,0,True,FLIP
ex_3979,3,removal,removal,False,0,0,False,INVARIANT
ex_3979,4,removal,removal,False,0,0,True,FLIP
ex_3979,5,removal,add_only,True,1,1,False,INVARIANT
ex_3979,6,removal,removal,False,0,0,True,FLIP
ex_3979,7,removal,removal,False,0,0,True,FLIP
ex_3987,1,removal,removal,True,0,1,False,INVARIANT
ex_3987,2,removal,removal,False,0,0,True,FLIP
ex_3987,3,removal,removal,False,0,0,True,FLIP
ex_3987,4,removal,removal,True,1,1,True,FLIP
ex_3987,5,add_only,add_only,False,0,0,False,INVARIANT
ex_3987,6,add_only,add_only,False,0,0,False,INVARIANT
ex_3987,7,add_only,add_only,False,0,0,False,INVARIANT
ex_399,1,removal,removal,True,0,1,True,FLIP
ex_399,2,removal,add_only,True,1,1,False,INVARIANT
ex_399,3,removal,removal,False,0,0,True,FLIP
ex_399,4,removal,removal,True,0,1,False,INVARIANT
ex_399,5,removal,add_only,True,1,1,False,INVARIANT
ex_399,6,removal,removal,True,0,1,False,INVARIANT
ex_399,7,removal,removal,False,0,0,True,FLIP
ex_3991,1,removal,removal,True,1,0,False,INVARIANT
ex_3991,2,removal,removal,True,0,1,False,INVARIANT
ex_3991,3,removal,removal,True,1,1,False,INVARIANT
ex_3991,4,add_only,add_only,False,0,0,False,INVARIANT
ex_3991,5,removal,removal,False,0,0,True,FLIP
ex_3991,6,removal,removal,False,0,0,True,FLIP
ex_3991,7,removal,removal,False,0,0,True,FLIP
ex_3997,1,removal,removal,False,0,0,False,INVARIANT
ex_3997,2,removal,removal,False,0,0,False,INVARIANT
ex_3997,3,removal,removal,False,0,0,False,INVARIANT
ex_3997,4,removal,removal,False,0,0,False,INVARIANT
ex_3997,5,add_only,add_only,False,0,0,False,INVARIANT
ex_3997,6,removal,removal,False,0,0,True,FLIP
ex_3997,7,add_only,add_only,False,0,0,False,INVARIANT
ex_402,1,removal,removal,False,0,0,True,FLIP
ex_402,2,removal,removal,False,0,0,False,INVARIANT
ex_402,3,removal,removal,False,0,0,True,FLIP
ex_402,4,removal,removal,False,0,0,False,INVARIANT
ex_402,5,removal,removal,False,0,0,False,INVARIANT
ex_402,6,removal,removal,True,0,1,False,INVARIANT
ex_402,7,removal,removal,False,0,0,False,INVARIANT
ex_405,1,add_only,add_only,False,0,0,False,INVARIANT
ex_405,2,removal,removal,False,0,0,True,FLIP
ex_405,3,removal,removal,False,0,0,True,FLIP
ex_405,4,add_only,add_only,False,0,0,False,INVARIANT
ex_405,5,removal,add_only,True,2,1,False,INVARIANT
ex_405,6,removal,removal,False,0,0,True,FLIP
ex_405,7,add_only,add_only,False,0,0,False,INVARIANT
ex_409,1,removal,removal,True,0,1,True,FLIP
ex_409,2,removal,removal,True,0,1,True,FLIP
ex_409,3,removal,removal,False,0,0,False,INVARIANT
ex_409,4,removal,removal,True,1,0,True,FLIP
ex_409,5,removal,removal,False,0,0,True,FLIP
ex_409,6,removal,removal,False,0,0,False,INVARIANT
ex_409,7,add_only,add_only,False,0,0,False,INVARIANT
ex_424,1,add_only,add_only,False,0,0,False,INVARIANT
ex_424,2,removal,removal,False,0,0,True,FLIP
ex_424,3,add_only,add_only,False,0,0,False,INVARIANT
ex_424,4,removal,removal,False,0,0,True,FLIP
ex_424,5,removal,removal,False,0,0,True,FLIP
ex_424,6,removal,removal,True,0,1,True,FLIP
ex_424,7,add_only,add_only,False,0,0,False,INVARIANT
ex_428,1,removal,removal,False,0,0,False,INVARIANT
ex_428,2,removal,removal,True,1,0,True,FLIP
ex_428,3,removal,removal,False,0,0,True,FLIP
ex_428,4,removal,removal,False,0,0,True,FLIP
ex_428,5,removal,removal,True,0,1,False,INVARIANT
ex_428,6,removal,add_only,True,1,1,False,INVARIANT
ex_428,7,removal,removal,True,0,1,True,FLIP
ex_432,1,removal,removal,False,0,0,False,INVARIANT
ex_432,2,removal,removal,False,0,0,False,INVARIANT
ex_432,3,removal,removal,False,0,0,True,FLIP
ex_432,4,removal,removal,False,0,0,True,FLIP
ex_432,5,add_only,add_only,False,0,0,False,INVARIANT
ex_432,6,removal,removal,False,0,0,True,FLIP
ex_432,7,removal,removal,False,0,0,True,FLIP
ex_443,1,add_only,add_only,False,0,0,True,FLIP
ex_443,2,removal,removal,False,0,0,True,FLIP
ex_443,3,removal,removal,False,0,0,True,FLIP
ex_443,4,removal,removal,False,0,0,True,FLIP
ex_443,5,add_only,add_only,False,0,0,False,INVARIANT
ex_443,6,removal,removal,False,0,0,True,FLIP
ex_443,7,removal,removal,False,0,0,True,FLIP
ex_455,1,removal,removal,False,0,0,True,FLIP
ex_455,2,removal,removal,False,0,0,True,FLIP
ex_455,3,add_only,add_only,False,0,0,False,INVARIANT
ex_455,4,removal,removal,False,0,0,True,FLIP
ex_455,5,add_only,add_only,False,0,0,False,INVARIANT
ex_455,6,removal,removal,True,0,1,False,INVARIANT
ex_455,7,removal,removal,False,0,0,True,FLIP
ex_469,1,removal,removal,False,0,0,False,INVARIANT
ex_469,2,removal,removal,False,0,0,True,FLIP
ex_469,3,removal,removal,False,0,0,True,FLIP
ex_469,4,removal,removal,False,0,0,False,INVARIANT
ex_469,5,removal,removal,False,0,0,True,FLIP
ex_469,6,removal,removal,False,0,0,True,FLIP
ex_469,7,add_only,add_only,False,0,0,False,INVARIANT
ex_474,1,removal,removal,False,0,0,True,FLIP
ex_474,2,removal,removal,False,0,0,True,FLIP
ex_474,3,removal,removal,False,0,0,False,INVARIANT
ex_474,4,removal,removal,False,0,0,True,FLIP
ex_474,5,removal,removal,False,0,0,False,INVARIANT
ex_474,6,removal,removal,False,0,0,False,INVARIANT
ex_474,7,add_only,add_only,False,0,0,False,INVARIANT
ex_479,1,removal,add_only,True,3,3,False,INVARIANT
ex_479,2,removal,removal,False,0,0,True,FLIP
ex_479,3,removal,removal,False,0,0,True,FLIP
ex_479,4,removal,removal,True,0,1,False,INVARIANT
ex_479,5,add_only,add_only,False,0,0,False,INVARIANT
ex_479,6,add_only,add_only,False,0,0,False,INVARIANT
ex_479,7,add_only,add_only,False,0,0,False,INVARIANT
ex_506,1,removal,removal,False,0,0,False,INVARIANT
ex_506,2,removal,removal,False,0,0,True,FLIP
ex_506,3,removal,removal,False,0,0,True,FLIP
ex_506,4,removal,removal,False,0,0,True,FLIP
ex_506,5,removal,removal,False,0,0,True,FLIP
ex_506,6,removal,removal,False,0,0,True,FLIP
ex_506,7,removal,removal,False,0,0,False,INVARIANT
ex_510,1,removal,removal,False,0,0,False,INVARIANT
ex_510,2,removal,removal,False,0,0,True,FLIP
ex_510,3,removal,removal,False,0,0,False,INVARIANT
ex_510,4,removal,removal,False,0,0,True,FLIP
ex_510,5,removal,add_only,True,2,2,False,INVARIANT
ex_510,6,removal,add_only,True,1,1,False,INVARIANT
ex_510,7,removal,removal,False,0,0,True,FLIP
ex_526,1,add_only,add_only,False,0,0,False,INVARIANT
ex_526,2,removal,removal,False,0,0,True,FLIP
ex_526,3,add_only,add_only,False,0,0,False,INVARIANT
ex_526,4,removal,removal,False,0,0,True,FLIP
ex_526,5,removal,add_only,True,1,1,False,INVARIANT
ex_526,6,removal,removal,True,0,1,False,INVARIANT
ex_526,7,removal,removal,False,0,0,False,INVARIANT
ex_530,1,add_only,add_only,False,0,0,False,INVARIANT
ex_530,2,removal,removal,False,0,0,True,FLIP
ex_530,3,add_only,add_only,False,0,0,False,INVARIANT
ex_530,4,removal,removal,False,0,0,True,FLIP
ex_530,5,add_only,add_only,False,0,0,False,INVARIANT
ex_530,6,removal,removal,False,0,0,True,FLIP
ex_530,7,removal,add_only,True,1,1,False,INVARIANT
ex_536,1,removal,removal,False,0,0,False,INVARIANT
ex_536,2,removal,removal,False,0,0,False,INVARIANT
ex_536,3,add_only,add_only,False,0,0,False,INVARIANT
ex_536,4,add_only,add_only,False,0,0,False,INVARIANT
ex_536,5,removal,removal,False,0,0,True,FLIP
ex_536,6,removal,removal,False,0,0,False,INVARIANT
ex_536,7,removal,removal,False,0,0,True,FLIP
ex_537,1,removal,removal,False,0,0,True,FLIP
ex_537,2,add_only,add_only,False,0,0,False,INVARIANT
ex_537,3,removal,removal,False,0,0,False,INVARIANT
ex_537,4,removal,removal,False,0,0,True,FLIP
ex_537,5,add_only,add_only,False,0,0,False,INVARIANT
ex_537,6,removal,add_only,True,1,1,False,INVARIANT
ex_537,7,removal,add_only,True,1,1,False,INVARIANT
ex_550,1,removal,removal,False,0,0,True,FLIP
ex_550,2,removal,removal,False,0,0,True,FLIP
ex_550,3,removal,removal,False,0,0,True,FLIP
ex_550,4,removal,removal,False,0,0,True,FLIP
ex_550,5,removal,removal,False,0,0,True,FLIP
ex_550,6,removal,removal,False,0,0,True,FLIP
ex_550,7,removal,removal,False,0,0,True,FLIP
ex_551,1,removal,removal,False,0,0,True,FLIP
ex_551,2,removal,removal,False,0,0,True,FLIP
ex_551,3,removal,removal,False,0,0,False,INVARIANT
ex_551,4,removal,removal,False,0,0,True,FLIP
ex_551,5,removal,removal,False,0,0,True,FLIP
ex_551,6,removal,removal,False,0,0,True,FLIP
ex_551,7,removal,removal,False,0,0,True,FLIP
ex_556,1,removal,removal,True,1,0,True,FLIP
ex_556,2,removal,removal,False,0,0,False,INVARIANT
ex_556,3,removal,removal,False,0,0,True,FLIP
ex_556,4,add_only,add_only,False,0,0,False,INVARIANT
ex_556,5,add_only,add_only,False,0,0,False,INVARIANT
ex_556,6,removal,removal,True,1,0,True,FLIP
ex_556,7,add_only,add_only,False,0,0,False,INVARIANT
ex_560,1,removal,removal,False,0,0,False,INVARIANT
ex_560,2,removal,removal,False,0,0,True,FLIP
ex_560,3,removal,add_only,True,1,1,False,INVARIANT
ex_560,4,removal,removal,False,0,0,False,INVARIANT
ex_560,5,removal,add_only,True,1,1,False,INVARIANT
ex_560,6,removal,removal,True,0,1,False,INVARIANT
ex_560,7,removal,removal,True,0,1,True,FLIP
ex_561,1,removal,removal,False,0,0,False,INVARIANT
ex_561,2,removal,add_only,True,1,1,False,INVARIANT
ex_561,3,add_only,add_only,False,0,0,False,INVARIANT
ex_561,4,removal,removal,False,0,0,True,FLIP
ex_561,5,removal,removal,False,0,0,True,FLIP
ex_561,6,removal,removal,True,0,1,False,INVARIANT
ex_561,7,add_only,add_only,False,0,0,False,INVARIANT
ex_571,1,removal,removal,False,0,0,True,FLIP
ex_571,2,removal,removal,False,0,0,True,FLIP
ex_571,3,add_only,add_only,False,0,0,False,INVARIANT
ex_571,4,add_only,add_only,False,0,0,False,INVARIANT
ex_571,5,add_only,add_only,False,0,0,False,INVARIANT
ex_571,6,removal,removal,False,0,0,True,FLIP
ex_571,7,removal,removal,False,0,0,True,FLIP
ex_576,1,add_only,add_only,False,0,0,False,INVARIANT
ex_576,2,removal,removal,False,0,0,True,FLIP
ex_576,3,removal,removal,False,0,0,True,FLIP
ex_576,4,removal,removal,False,0,0,True,FLIP
ex_576,5,removal,removal,False,0,0,True,FLIP
ex_576,6,removal,removal,False,0,0,False,INVARIANT
ex_576,7,removal,removal,False,0,0,True,FLIP
ex_594,1,removal,removal,False,0,0,True,FLIP
ex_594,2,removal,removal,False,0,0,False,INVARIANT
ex_594,3,removal,removal,True,2,2,True,FLIP
ex_594,4,removal,add_only,True,1,1,False,INVARIANT
ex_594,5,removal,removal,False,0,0,True,FLIP
ex_594,6,removal,removal,False,0,0,False,INVARIANT
ex_594,7,removal,removal,False,0,0,True,FLIP
ex_604,1,add_only,add_only,False,0,0,False,INVARIANT
ex_604,2,removal,removal,False,0,0,True,FLIP
ex_604,3,removal,removal,False,0,0,False,INVARIANT
ex_604,4,add_only,add_only,False,0,0,False,INVARIANT
ex_604,5,removal,removal,False,0,0,False,INVARIANT
ex_604,6,add_only,add_only,False,0,0,False,INVARIANT
ex_604,7,add_only,add_only,False,0,0,False,INVARIANT
ex_609,1,removal,removal,False,0,0,False,INVARIANT
ex_609,2,removal,add_only,True,2,2,False,INVARIANT
ex_609,3,removal,removal,False,0,0,True,FLIP
ex_609,4,removal,removal,False,0,0,True,FLIP
ex_609,5,add_only,add_only,False,0,0,False,INVARIANT
ex_609,6,add_only,add_only,False,0,0,False,INVARIANT
ex_609,7,add_only,add_only,False,0,0,False,INVARIANT
ex_615,1,removal,add_only,True,1,1,False,INVARIANT
ex_615,2,removal,removal,False,0,0,True,FLIP
ex_615,3,removal,removal,False,0,0,True,FLIP
ex_615,4,add_only,add_only,False,0,0,False,INVARIANT
ex_615,5,add_only,add_only,False,0,0,False,INVARIANT
ex_615,6,add_only,add_only,False,0,0,False,INVARIANT
ex_615,7,removal,removal,False,0,0,True,FLIP
ex_618,1,removal,removal,False,0,0,True,FLIP
ex_618,2,add_only,add_only,False,0,0,False,INVARIANT
ex_618,3,removal,removal,False,0,0,True,FLIP
ex_618,4,add_only,add_only,False,0,0,False,INVARIANT
ex_618,5,removal,none,True,2,2,False,INVARIANT
ex_618,6,removal,removal,True,0,0,False,INVARIANT
ex_618,7,removal,add_only,True,2,2,False,INVARIANT
ex_619,1,removal,removal,False,0,0,True,FLIP
ex_619,2,removal,removal,False,0,0,True,FLIP
ex_619,3,add_only,add_only,False,0,0,False,INVARIANT
ex_619,4,removal,removal,True,1,1,True,FLIP
ex_619,5,removal,removal,True,1,1,True,FLIP
ex_619,6,add_only,add_only,False,0,0,False,INVARIANT
ex_619,7,add_only,add_only,False,0,0,False,INVARIANT
ex_622,1,removal,removal,True,0,1,False,INVARIANT
ex_622,2,removal,removal,False,0,0,True,FLIP
ex_622,3,removal,removal,False,0,0,False,INVARIANT
ex_622,4,add_only,add_only,False,0,0,False,INVARIANT
ex_622,5,removal,removal,False,0,0,True,FLIP
ex_622,6,add_only,add_only,False,0,0,False,INVARIANT
ex_622,7,removal,removal,True,1,0,True,FLIP
ex_625,1,removal,removal,False,0,0,True,FLIP
ex_625,2,removal,removal,False,0,0,True,FLIP
ex_625,3,removal,removal,False,0,0,True,FLIP
ex_625,4,removal,removal,True,0,1,True,FLIP
ex_625,5,removal,removal,False,0,0,True,FLIP
ex_625,6,removal,removal,False,0,0,True,FLIP
ex_625,7,removal,removal,False,0,0,True,FLIP
ex_629,1,add_only,removal,True,0,0,True,FLIP
ex_629,2,removal,removal,False,0,0,True,FLIP
ex_629,3,removal,removal,False,0,0,True,FLIP
ex_629,4,removal,removal,False,0,0,True,FLIP
ex_629,5,add_only,add_only,False,0,0,False,INVARIANT
ex_629,6,add_only,add_only,False,0,0,False,INVARIANT
ex_629,7,removal,removal,True,2,0,True,FLIP
ex_639,1,removal,add_only,True,1,1,False,INVARIANT
ex_639,2,add_only,add_only,False,0,0,False,INVARIANT
ex_639,3,removal,removal,True,2,0,True,FLIP
ex_639,4,add_only,add_only,False,0,0,False,INVARIANT
ex_639,5,removal,removal,False,0,0,True,FLIP
ex_639,6,removal,removal,False,0,0,True,FLIP
ex_639,7,removal,removal,False,0,0,True,FLIP
ex_642,1,removal,removal,False,0,0,True,FLIP
ex_642,2,removal,removal,False,0,0,True,FLIP
ex_642,3,removal,removal,False,0,0,True,FLIP
ex_642,4,removal,removal,False,0,0,True,FLIP
ex_642,5,removal,removal,True,4,4,True,FLIP
ex_642,6,removal,removal,False,0,0,True,FLIP
ex_642,7,removal,removal,False,0,0,True,FLIP
ex_644,1,removal,removal,False,0,0,False,INVARIANT
ex_644,2,removal,removal,False,0,0,True,FLIP
ex_644,3,removal,removal,False,0,0,True,FLIP
ex_644,4,removal,removal,False,0,0,True,FLIP
ex_644,5,removal,removal,False,0,0,False,INVARIANT
ex_644,6,removal,removal,False,0,0,True,FLIP
ex_644,7,add_only,add_only,False,0,0,False,INVARIANT
ex_652,1,removal,add_only,True,1,1,False,INVARIANT
ex_652,2,removal,removal,False,0,0,False,INVARIANT
ex_652,3,add_only,add_only,False,0,0,False,INVARIANT
ex_652,4,removal,removal,False,0,0,False,INVARIANT
ex_652,5,removal,removal,True,1,0,True,FLIP
ex_652,6,add_only,add_only,False,0,0,False,INVARIANT
ex_652,7,removal,removal,False,0,0,False,INVARIANT
ex_653,1,removal,removal,False,0,0,True,FLIP
ex_653,2,removal,removal,False,0,0,True,FLIP
ex_653,3,add_only,add_only,False,0,0,False,INVARIANT
ex_653,4,removal,removal,False,0,0,True,FLIP
ex_653,5,removal,removal,False,0,0,True,FLIP
ex_653,6,removal,removal,False,0,0,False,INVARIANT
ex_653,7,removal,removal,False,0,0,True,FLIP
ex_655,1,removal,removal,False,0,0,True,FLIP
ex_655,2,removal,removal,False,0,0,True,FLIP
ex_655,3,removal,removal,False,0,0,True,FLIP
ex_655,4,removal,removal,True,1,0,True,FLIP
ex_655,5,removal,removal,False,0,0,True,FLIP
ex_655,6,removal,removal,False,0,0,True,FLIP
ex_655,7,removal,removal,False,0,0,True,FLIP
ex_662,1,removal,add_only,True,1,1,False,INVARIANT
ex_662,2,removal,removal,False,0,0,False,INVARIANT
ex_662,3,removal,removal,True,0,2,False,INVARIANT
ex_662,4,removal,removal,False,0,0,True,FLIP
ex_662,5,removal,removal,False,0,0,True,FLIP
ex_662,6,removal,removal,False,0,0,False,INVARIANT
ex_662,7,removal,removal,True,1,0,True,FLIP
ex_664,1,removal,removal,False,0,0,False,INVARIANT
ex_664,2,add_only,add_only,False,0,0,False,INVARIANT
ex_664,3,add_only,add_only,False,0,0,False,INVARIANT
ex_664,4,removal,removal,True,0,1,False,INVARIANT
ex_664,5,removal,removal,False,0,0,True,FLIP
ex_664,6,add_only,add_only,False,0,0,False,INVARIANT
ex_664,7,add_only,add_only,False,0,0,False,INVARIANT
ex_675,1,removal,removal,False,0,0,True,FLIP
ex_675,2,removal,removal,False,0,0,True,FLIP
ex_675,3,removal,add_only,True,1,1,False,INVARIANT
ex_675,4,removal,removal,False,0,0,True,FLIP
ex_675,5,removal,removal,True,0,1,False,INVARIANT
ex_675,6,removal,removal,False,0,0,True,FLIP
ex_675,7,removal,removal,False,0,0,True,FLIP
ex_679,1,removal,removal,False,0,0,True,FLIP
ex_679,2,removal,removal,False,0,0,False,INVARIANT
ex_679,3,removal,removal,False,0,0,True,FLIP
ex_679,4,removal,add_only,True,1,1,False,INVARIANT
ex_679,5,removal,removal,False,0,0,True,FLIP
ex_679,6,add_only,add_only,False,0,0,False,INVARIANT
ex_679,7,removal,removal,False,0,0,True,FLIP
ex_681,1,add_only,add_only,False,0,0,False,INVARIANT
ex_681,2,add_only,add_only,False,0,0,False,INVARIANT
ex_681,3,removal,removal,False,0,0,True,FLIP
ex_681,4,removal,removal,False,0,0,True,FLIP
ex_681,5,removal,removal,False,0,0,True,FLIP
ex_681,6,add_only,add_only,False,0,0,False,INVARIANT
ex_681,7,removal,removal,False,0,0,True,FLIP
ex_691,1,removal,removal,False,0,0,False,INVARIANT
ex_691,2,removal,removal,False,0,0,True,FLIP
ex_691,3,removal,removal,False,0,0,True,FLIP
ex_691,4,removal,removal,False,0,0,False,INVARIANT
ex_691,5,removal,removal,False,0,0,True,FLIP
ex_691,6,removal,removal,False,0,0,True,FLIP
ex_691,7,removal,add_only,True,1,1,True,FLIP
ex_697,1,removal,removal,False,0,0,True,FLIP
ex_697,2,removal,removal,False,0,0,False,INVARIANT
ex_697,3,removal,removal,False,0,0,True,FLIP
ex_697,4,removal,removal,False,0,0,False,INVARIANT
ex_697,5,removal,removal,False,0,0,False,INVARIANT
ex_697,6,removal,removal,False,0,0,False,INVARIANT
ex_697,7,removal,removal,True,1,0,True,FLIP
ex_721,1,removal,removal,False,0,0,False,INVARIANT
ex_721,2,removal,removal,False,0,0,True,FLIP
ex_721,3,removal,removal,True,1,1,True,FLIP
ex_721,4,add_only,add_only,False,0,0,False,INVARIANT
ex_721,5,removal,removal,True,1,0,True,FLIP
ex_721,6,removal,removal,False,0,0,False,INVARIANT
ex_721,7,removal,removal,False,0,0,True,FLIP
ex_740,1,removal,removal,False,0,0,False,INVARIANT
ex_740,2,removal,removal,False,0,0,True,FLIP
ex_740,3,removal,removal,False,0,0,True,FLIP
ex_740,4,removal,removal,False,0,0,True,FLIP
ex_740,5,add_only,add_only,False,0,0,False,INVARIANT
ex_740,6,add_only,add_only,False,0,0,False,INVARIANT
ex_740,7,removal,removal,False,0,0,True,FLIP
ex_757,1,removal,removal,False,0,0,True,FLIP
ex_757,2,removal,removal,True,0,1,False,INVARIANT
ex_757,3,removal,removal,False,0,0,True,FLIP
ex_757,4,removal,removal,True,1,1,False,INVARIANT
ex_757,5,add_only,add_only,False,0,0,False,INVARIANT
ex_757,6,add_only,add_only,False,0,0,False,INVARIANT
ex_757,7,removal,removal,False,0,0,True,FLIP
ex_760,1,removal,removal,False,0,0,True,FLIP
ex_760,2,removal,removal,False,0,0,False,INVARIANT
ex_760,3,removal,removal,False,0,0,True,FLIP
ex_760,4,add_only,add_only,False,0,0,False,INVARIANT
ex_760,5,removal,removal,False,0,0,True,FLIP
ex_760,6,removal,add_only,True,1,1,False,INVARIANT
ex_760,7,removal,removal,False,0,0,True,FLIP
ex_771,1,removal,removal,False,0,0,True,FLIP
ex_771,2,removal,removal,False,0,0,True,FLIP
ex_771,3,removal,removal,False,0,0,True,FLIP
ex_771,4,removal,removal,False,0,0,True,FLIP
ex_771,5,removal,removal,False,0,0,True,FLIP
ex_771,6,removal,removal,True,0,1,False,INVARIANT
ex_771,7,removal,removal,True,0,1,True,FLIP
ex_782,1,removal,removal,False,0,0,True,FLIP
ex_782,2,add_only,add_only,False,0,0,False,INVARIANT
ex_782,3,removal,removal,False,0,0,True,FLIP
ex_782,4,removal,removal,True,1,0,True,FLIP
ex_782,5,removal,removal,False,0,0,True,FLIP
ex_782,6,add_only,add_only,False,0,0,False,INVARIANT
ex_782,7,add_only,add_only,False,0,0,False,INVARIANT
ex_783,1,removal,removal,False,0,0,True,FLIP
ex_783,2,removal,removal,False,0,0,True,FLIP
ex_783,3,add_only,add_only,False,0,0,False,INVARIANT
ex_783,4,removal,removal,False,0,0,False,INVARIANT
ex_783,5,removal,removal,True,0,1,False,INVARIANT
ex_783,6,removal,removal,False,0,0,True,FLIP
ex_783,7,removal,add_only,True,1,1,False,INVARIANT
ex_789,1,add_only,add_only,False,0,0,False,INVARIANT
ex_789,2,removal,removal,False,0,0,True,FLIP
ex_789,3,removal,removal,False,0,0,True,FLIP
ex_789,4,removal,removal,False,0,0,True,FLIP
ex_789,5,removal,removal,False,0,0,True,FLIP
ex_789,6,removal,removal,False,0,0,True,FLIP
ex_789,7,add_only,add_only,False,0,0,False,INVARIANT
ex_802,1,removal,removal,False,0,0,True,FLIP
ex_802,2,add_only,add_only,False,0,0,False,INVARIANT
ex_802,3,removal,removal,False,0,0,False,INVARIANT
ex_802,4,add_only,add_only,False,0,0,False,INVARIANT
ex_802,5,removal,removal,False,0,0,True,FLIP
ex_802,6,add_only,add_only,False,0,0,True,FLIP
ex_802,7,removal,removal,False,0,0,True,FLIP
ex_813,1,add_only,add_only,False,0,0,False,INVARIANT
ex_813,2,removal,removal,False,0,0,True,FLIP
ex_813,3,add_only,add_only,False,0,0,True,FLIP
ex_813,4,none,none,False,0,0,True,FLIP
ex_813,5,none,none,False,0,0,False,INVARIANT
ex_813,6,removal,removal,False,0,0,False,INVARIANT
ex_813,7,removal,removal,False,0,0,False,INVARIANT
ex_815,1,add_only,add_only,False,0,0,False,INVARIANT
ex_815,2,removal,removal,False,0,0,False,INVARIANT
ex_815,3,removal,add_only,True,2,0,False,INVARIANT
ex_815,4,removal,removal,False,0,0,True,FLIP
ex_815,5,removal,removal,False,0,0,True,FLIP
ex_815,6,removal,add_only,True,2,2,False,INVARIANT
ex_815,7,removal,removal,False,0,0,False,INVARIANT
ex_818,1,removal,removal,False,0,0,True,FLIP
ex_818,2,add_only,add_only,False,0,0,False,INVARIANT
ex_818,3,removal,removal,False,0,0,False,INVARIANT
ex_818,4,removal,removal,False,0,0,False,INVARIANT
ex_818,5,removal,removal,False,0,0,True,FLIP
ex_818,6,removal,removal,False,0,0,True,FLIP
ex_818,7,add_only,add_only,False,0,0,False,INVARIANT
ex_823,1,removal,removal,False,0,0,True,FLIP
ex_823,2,removal,removal,False,0,0,True,FLIP
ex_823,3,removal,add_only,True,1,0,False,INVARIANT
ex_823,4,add_only,add_only,False,0,0,False,INVARIANT
ex_823,5,removal,removal,False,0,0,True,FLIP
ex_823,6,add_only,add_only,False,0,0,False,INVARIANT
ex_823,7,removal,removal,True,0,1,False,INVARIANT
ex_848,1,removal,removal,False,0,0,False,INVARIANT
ex_848,2,removal,add_only,True,1,1,False,INVARIANT
ex_848,3,removal,removal,False,0,0,False,INVARIANT
ex_848,4,removal,removal,True,1,0,True,FLIP
ex_848,5,removal,removal,False,0,0,True,FLIP
ex_848,6,removal,add_only,True,1,1,False,INVARIANT
ex_848,7,add_only,add_only,False,0,0,False,INVARIANT
ex_852,1,removal,removal,False,0,0,True,FLIP
ex_852,2,removal,removal,False,0,0,True,FLIP
ex_852,3,removal,removal,False,0,0,False,INVARIANT
ex_852,4,removal,removal,False,0,0,True,FLIP
ex_852,5,add_only,add_only,False,0,0,False,INVARIANT
ex_852,6,add_only,add_only,False,0,0,False,INVARIANT
ex_852,7,removal,removal,True,0,1,True,FLIP
ex_862,1,removal,removal,False,0,0,True,FLIP
ex_862,2,removal,removal,False,0,0,True,FLIP
ex_862,3,add_only,add_only,False,0,0,False,INVARIANT
ex_862,4,removal,removal,False,0,0,True,FLIP
ex_862,5,removal,removal,False,0,0,True,FLIP
ex_862,6,removal,removal,False,0,0,True,FLIP
ex_862,7,add_only,add_only,True,0,0,False,INVARIANT
ex_863,1,removal,removal,False,0,0,True,FLIP
ex_863,2,removal,removal,False,0,0,False,INVARIANT
ex_863,3,removal,removal,False,0,0,True,FLIP
ex_863,4,removal,removal,True,0,1,False,INVARIANT
ex_863,5,add_only,add_only,False,0,0,False,INVARIANT
ex_863,6,removal,removal,False,0,0,True,FLIP
ex_863,7,removal,add_only,True,2,2,False,INVARIANT
ex_886,1,add_only,add_only,False,0,0,False,INVARIANT
ex_886,2,removal,removal,False,0,0,True,FLIP
ex_886,3,removal,removal,False,0,0,True,FLIP
ex_886,4,removal,removal,False,0,0,True,FLIP
ex_886,5,removal,removal,True,0,1,False,INVARIANT
ex_886,6,removal,removal,False,0,0,False,INVARIANT
ex_886,7,add_only,add_only,False,0,0,False,INVARIANT
ex_907,1,removal,removal,True,0,1,False,INVARIANT
ex_907,2,removal,removal,True,0,1,True,FLIP
ex_907,3,removal,removal,True,0,1,True,FLIP
ex_907,4,removal,removal,False,0,0,True,FLIP
ex_907,5,removal,removal,True,1,0,True,FLIP
ex_907,6,removal,add_only,True,1,1,False,INVARIANT
ex_907,7,removal,add_only,True,2,2,False,INVARIANT
ex_916,1,removal,removal,True,0,1,True,FLIP
ex_916,2,removal,removal,False,0,0,True,FLIP
ex_916,3,removal,removal,True,0,1,False,INVARIANT
ex_916,4,removal,removal,True,0,1,False,INVARIANT
ex_916,5,removal,none,True,2,2,False,INVARIANT
ex_916,6,removal,removal,False,0,0,False,INVARIANT
ex_916,7,removal,removal,False,0,0,True,FLIP
ex_927,1,removal,removal,False,0,0,True,FLIP
ex_927,2,removal,removal,False,0,0,True,FLIP
ex_927,3,removal,removal,False,0,0,False,INVARIANT
ex_927,4,removal,removal,False,0,0,True,FLIP
ex_927,5,removal,removal,False,0,0,False,INVARIANT
ex_927,6,removal,removal,False,0,0,True,FLIP
ex_927,7,removal,removal,False,0,0,True,FLIP
ex_940,1,removal,removal,True,1,0,True,FLIP
ex_940,2,add_only,add_only,False,0,0,False,INVARIANT
ex_940,3,removal,removal,True,0,1,False,INVARIANT
ex_940,4,add_only,add_only,False,0,0,False,INVARIANT
ex_940,5,removal,removal,False,0,0,True,FLIP
ex_940,6,removal,removal,False,0,0,True,FLIP
ex_940,7,removal,removal,True,0,1,False,INVARIANT
ex_941,1,removal,removal,False,0,0,True,FLIP
ex_941,2,removal,removal,False,0,0,True,FLIP
ex_941,3,removal,removal,False,0,0,True,FLIP
ex_941,4,removal,removal,False,0,0,True,FLIP
ex_941,5,removal,removal,True,0,1,True,FLIP
ex_941,6,removal,removal,False,0,0,True,FLIP
ex_941,7,add_only,add_only,False,0,0,False,INVARIANT
ex_946,1,add_only,add_only,False,0,0,False,INVARIANT
ex_946,2,add_only,add_only,False,0,0,False,INVARIANT
ex_946,3,removal,removal,False,0,0,True,FLIP
ex_946,4,removal,removal,False,0,0,False,INVARIANT
ex_946,5,removal,removal,False,0,0,True,FLIP
ex_946,6,add_only,add_only,False,0,0,False,INVARIANT
ex_946,7,add_only,add_only,False,0,0,False,INVARIANT
ex_950,1,removal,removal,False,0,0,False,INVARIANT
ex_950,2,removal,removal,False,0,0,False,INVARIANT
ex_950,3,add_only,add_only,False,0,0,False,INVARIANT
ex_950,4,removal,removal,False,0,0,True,FLIP
ex_950,5,removal,removal,False,0,0,True,FLIP
ex_950,6,removal,removal,False,0,0,True,FLIP
ex_950,7,removal,removal,False,0,0,True,FLIP
ex_956,1,add_only,add_only,False,0,0,False,INVARIANT
ex_956,2,removal,add_only,True,1,1,False,INVARIANT
ex_956,3,removal,removal,True,1,0,True,FLIP
ex_956,4,removal,removal,False,0,0,True,FLIP
ex_956,5,removal,removal,False,0,0,True,FLIP
ex_956,6,add_only,add_only,False,0,0,False,INVARIANT
ex_956,7,add_only,add_only,False,0,0,False,INVARIANT
ex_977,1,removal,removal,False,0,0,False,INVARIANT
ex_977,2,removal,removal,False,0,0,False,INVARIANT
ex_977,3,removal,removal,False,0,0,False,INVARIANT
ex_977,4,removal,removal,False,0,0,True,FLIP
ex_977,5,removal,removal,False,0,0,True,FLIP
ex_977,6,removal,removal,False,0,0,False,INVARIANT
ex_977,7,removal,removal,False,0,0,True,FLIP
ex_982,1,removal,removal,False,0,0,True,FLIP
ex_982,2,removal,removal,False,0,0,False,INVARIANT
ex_982,3,add_only,add_only,False,0,0,False,INVARIANT
ex_982,4,removal,removal,False,0,0,True,FLIP
ex_982,5,removal,removal,True,0,1,False,INVARIANT
ex_982,6,add_only,add_only,False,0,0,False,INVARIANT
ex_982,7,removal,removal,False,0,0,False,INVARIANT
ex_995,1,removal,removal,False,0,0,True,FLIP
ex_995,2,removal,removal,False,0,0,True,FLIP
ex_995,3,removal,removal,False,0,0,True,FLIP
ex_995,4,removal,removal,False,0,0,True,FLIP
ex_995,5,add_only,add_only,False,0,0,False,INVARIANT
ex_995,6,removal,removal,False,0,0,True,FLIP
ex_995,7,add_only,add_only,False,0,0,False,INVARIANT
prev_ex_10,1,removal,removal,False,0,0,True,FLIP
prev_ex_10,2,removal,removal,False,0,0,True,FLIP
prev_ex_10,3,removal,removal,False,0,0,True,FLIP
prev_ex_10,4,removal,removal,True,2,2,True,FLIP
prev_ex_10,5,removal,removal,False,0,0,True,FLIP
prev_ex_10,6,removal,removal,False,0,0,True,FLIP
prev_ex_10,7,removal,removal,False,0,0,False,INVARIANT
prev_ex_102,1,removal,removal,True,1,1,True,FLIP
prev_ex_102,2,removal,removal,False,0,0,True,FLIP
prev_ex_102,3,removal,removal,False,0,0,False,INVARIANT
prev_ex_102,4,removal,removal,False,0,0,True,FLIP
prev_ex_102,5,add_only,add_only,False,0,0,False,INVARIANT
prev_ex_102,6,add_only,add_only,False,0,0,False,INVARIANT
prev_ex_102,7,removal,removal,True,3,0,True,FLIP
prev_ex_103,1,removal,removal,False,0,0,True,FLIP
prev_ex_103,2,add_only,add_only,False,0,0,False,INVARIANT
prev_ex_103,3,removal,removal,False,0,0,False,INVARIANT
prev_ex_103,4,removal,removal,False,0,0,True,FLIP
prev_ex_103,5,removal,removal,False,0,0,True,FLIP
prev_ex_103,6,removal,add_only,True,14,0,False,INVARIANT
prev_ex_103,7,removal,removal,False,0,0,False,INVARIANT
prev_ex_105,1,removal,removal,False,0,0,True,FLIP
prev_ex_105,2,removal,removal,False,0,0,True,FLIP
prev_ex_105,3,add_only,add_only,False,0,0,False,INVARIANT
prev_ex_105,4,add_only,add_only,False,0,0,False,INVARIANT
prev_ex_105,5,removal,removal,False,0,0,True,FLIP
prev_ex_105,6,add_only,add_only,False,0,0,False,INVARIANT
prev_ex_105,7,removal,removal,False,0,0,True,FLIP
prev_ex_114,1,removal,removal,False,0,0,True,FLIP
prev_ex_114,2,removal,removal,False,0,0,True,FLIP
prev_ex_114,3,removal,removal,False,0,0,False,INVARIANT
prev_ex_114,4,add_only,add_only,False,0,0,False,INVARIANT
prev_ex_114,5,removal,removal,False,0,0,True,FLIP
prev_ex_114,6,add_only,add_only,False,0,0,True,FLIP
prev_ex_114,7,removal,removal,False,0,0,True,FLIP
prev_ex_123,1,removal,removal,False,0,0,True,FLIP
prev_ex_123,2,removal,removal,False,0,0,True,FLIP
prev_ex_123,3,removal,removal,False,0,0,False,INVARIANT
prev_ex_123,4,removal,removal,False,0,0,False,INVARIANT
prev_ex_123,5,add_only,add_only,False,0,0,False,INVARIANT
prev_ex_123,6,add_only,add_only,False,0,0,False,INVARIANT
prev_ex_123,7,add_only,add_only,False,0,0,False,INVARIANT
prev_ex_124,1,removal,removal,True,1,1,True,FLIP
prev_ex_124,2,removal,removal,False,0,0,True,FLIP
prev_ex_124,3,removal,removal,False,0,0,True,FLIP
prev_ex_124,4,removal,removal,False,0,0,False,INVARIANT
prev_ex_124,5,removal,removal,False,0,0,True,FLIP
prev_ex_124,6,removal,removal,False,0,0,True,FLIP
prev_ex_124,7,removal,removal,False,0,0,True,FLIP
prev_ex_133,1,removal,removal,False,0,0,True,FLIP
prev_ex_133,2,removal,removal,False,0,0,False,INVARIANT
prev_ex_133,3,removal,removal,False,0,0,True,FLIP
prev_ex_133,4,removal,removal,False,0,0,False,INVARIANT
prev_ex_133,5,removal,add_only,True,1,0,False,INVARIANT
prev_ex_133,6,removal,add_only,True,1,0,False,INVARIANT
prev_ex_133,7,removal,removal,False,0,0,True,FLIP
prev_ex_152,1,removal,removal,False,0,0,False,INVARIANT
prev_ex_152,2,removal,removal,False,0,0,True,FLIP
prev_ex_152,3,removal,removal,False,0,0,True,FLIP
prev_ex_152,4,removal,removal,False,0,0,True,FLIP
prev_ex_152,5,removal,removal,False,0,0,False,INVARIANT
prev_ex_152,6,removal,removal,True,2,2,True,FLIP
prev_ex_152,7,add_only,add_only,False,0,0,False,INVARIANT
prev_ex_174,1,removal,removal,False,0,0,True,FLIP
prev_ex_174,2,removal,add_only,True,2,0,False,INVARIANT
prev_ex_174,3,removal,add_only,True,1,0,False,INVARIANT
prev_ex_174,4,removal,removal,False,0,0,False,INVARIANT
prev_ex_174,5,removal,removal,False,0,0,True,FLIP
prev_ex_174,6,removal,removal,False,0,0,True,FLIP
prev_ex_174,7,removal,removal,False,0,0,True,FLIP
prev_ex_180,1,removal,removal,True,1,0,False,INVARIANT
prev_ex_180,2,removal,add_only,True,1,1,False,INVARIANT
prev_ex_180,3,add_only,add_only,False,0,0,False,INVARIANT
prev_ex_180,4,removal,removal,True,1,1,True,FLIP
prev_ex_180,5,removal,removal,False,0,0,False,INVARIANT
prev_ex_180,6,removal,removal,False,0,0,True,FLIP
prev_ex_180,7,removal,removal,False,0,0,True,FLIP
prev_ex_181,1,removal,add_only,True,1,0,False,INVARIANT
prev_ex_181,2,removal,removal,False,0,0,False,INVARIANT
prev_ex_181,3,removal,add_only,True,1,1,False,INVARIANT
prev_ex_181,4,removal,removal,False,0,0,False,INVARIANT
prev_ex_181,5,removal,removal,False,0,0,False,INVARIANT
prev_ex_181,6,removal,removal,True,1,0,True,FLIP
prev_ex_181,7,add_only,add_only,True,0,0,False,INVARIANT
prev_ex_2,1,add_only,add_only,False,0,0,False,INVARIANT
prev_ex_2,2,removal,removal,False,0,0,False,INVARIANT
prev_ex_2,3,removal,removal,False,0,0,True,FLIP
prev_ex_2,4,removal,add_only,True,1,0,False,INVARIANT
prev_ex_2,5,add_only,add_only,False,0,0,False,INVARIANT
prev_ex_2,6,add_only,add_only,False,0,0,False,INVARIANT
prev_ex_2,7,removal,removal,False,0,0,True,FLIP
prev_ex_20,1,removal,removal,True,1,1,True,FLIP
prev_ex_20,2,removal,removal,False,0,0,True,FLIP
prev_ex_20,3,removal,removal,False,0,0,False,INVARIANT
prev_ex_20,4,add_only,add_only,False,0,0,False,INVARIANT
prev_ex_20,5,add_only,add_only,False,0,0,False,INVARIANT
prev_ex_20,6,add_only,add_only,False,0,0,False,INVARIANT
prev_ex_20,7,removal,removal,False,0,0,True,FLIP
prev_ex_206,1,removal,add_only,True,1,0,False,INVARIANT
prev_ex_206,2,removal,removal,False,0,0,True,FLIP
prev_ex_206,3,removal,removal,False,0,0,False,INVARIANT
prev_ex_206,4,removal,removal,False,0,0,True,FLIP
prev_ex_206,5,removal,removal,False,0,0,True,FLIP
prev_ex_206,6,removal,removal,False,0,0,False,INVARIANT
prev_ex_206,7,removal,removal,False,0,0,True,FLIP
prev_ex_211,1,add_only,add_only,False,0,0,False,INVARIANT
prev_ex_211,2,add_only,add_only,False,0,0,False,INVARIANT
prev_ex_211,3,removal,removal,True,3,3,True,FLIP
prev_ex_211,4,removal,removal,False,0,0,True,FLIP
prev_ex_211,5,add_only,add_only,False,0,0,False,INVARIANT
prev_ex_211,6,removal,removal,True,1,0,True,FLIP
prev_ex_211,7,add_only,add_only,False,0,0,False,INVARIANT
prev_ex_236,1,removal,add_only,True,3,1,False,INVARIANT
prev_ex_236,2,removal,removal,True,0,1,False,INVARIANT
prev_ex_236,3,removal,removal,False,0,0,True,FLIP
prev_ex_236,4,removal,removal,False,0,0,True,FLIP
prev_ex_236,5,removal,removal,False,0,0,False,INVARIANT
prev_ex_236,6,removal,removal,True,1,1,True,FLIP
prev_ex_236,7,removal,removal,True,2,2,False,INVARIANT
prev_ex_241,1,removal,removal,False,0,0,True,FLIP
prev_ex_241,2,add_only,add_only,False,0,0,False,INVARIANT
prev_ex_241,3,removal,removal,False,0,0,True,FLIP
prev_ex_241,4,add_only,add_only,False,0,0,False,INVARIANT
prev_ex_241,5,removal,removal,False,0,0,False,INVARIANT
prev_ex_241,6,removal,removal,False,0,0,True,FLIP
prev_ex_241,7,add_only,add_only,False,0,0,False,INVARIANT
prev_ex_260,1,removal,removal,False,0,0,True,FLIP
prev_ex_260,2,add_only,add_only,False,0,0,False,INVARIANT
prev_ex_260,3,removal,removal,True,1,0,True,FLIP
prev_ex_260,4,removal,removal,True,8,8,False,INVARIANT
prev_ex_260,5,removal,removal,False,0,0,True,FLIP
prev_ex_260,6,add_only,add_only,False,0,0,False,INVARIANT
prev_ex_260,7,removal,removal,False,0,0,False,INVARIANT
prev_ex_284,1,add_only,add_only,False,0,0,False,INVARIANT
prev_ex_284,2,removal,removal,True,2,2,True,FLIP
prev_ex_284,3,removal,removal,False,0,0,False,INVARIANT
prev_ex_284,4,removal,removal,False,0,0,True,FLIP
prev_ex_284,5,removal,removal,False,0,0,False,INVARIANT
prev_ex_284,6,removal,removal,True,1,0,True,FLIP
prev_ex_284,7,removal,removal,False,0,0,True,FLIP
prev_ex_294,1,removal,removal,False,0,0,True,FLIP
prev_ex_294,2,add_only,add_only,False,0,0,False,INVARIANT
prev_ex_294,3,removal,removal,False,0,0,False,INVARIANT
prev_ex_294,4,removal,removal,False,0,0,True,FLIP
prev_ex_294,5,add_only,add_only,False,0,0,False,INVARIANT
prev_ex_294,6,removal,removal,False,0,0,True,FLIP
prev_ex_294,7,removal,removal,False,0,0,True,FLIP
prev_ex_302,1,removal,removal,False,0,0,False,INVARIANT
prev_ex_302,2,removal,add_only,True,1,2,False,INVARIANT
prev_ex_302,3,removal,removal,False,0,0,True,FLIP
prev_ex_302,4,removal,removal,False,0,0,True,FLIP
prev_ex_302,5,removal,removal,False,0,0,True,FLIP
prev_ex_302,6,add_only,add_only,False,0,0,False,INVARIANT
prev_ex_302,7,removal,removal,False,0,0,True,FLIP
prev_ex_308,1,removal,add_only,True,3,1,False,INVARIANT
prev_ex_308,2,removal,add_only,True,4,6,True,FLIP
prev_ex_308,3,none,none,False,0,0,False,INVARIANT
prev_ex_308,4,removal,removal,False,0,0,False,INVARIANT
prev_ex_308,5,removal,removal,False,0,0,True,FLIP
prev_ex_308,6,add_only,add_only,False,0,0,False,INVARIANT
prev_ex_308,7,none,add_only,True,0,0,False,INVARIANT
prev_ex_31,1,add_only,add_only,False,0,0,False,INVARIANT
prev_ex_31,2,add_only,add_only,False,0,0,False,INVARIANT
prev_ex_31,3,removal,removal,True,1,0,True,FLIP
prev_ex_31,4,removal,removal,True,1,0,True,FLIP
prev_ex_31,5,add_only,add_only,False,0,0,False,INVARIANT
prev_ex_31,6,add_only,add_only,False,0,0,False,INVARIANT
prev_ex_31,7,removal,removal,False,0,0,True,FLIP
prev_ex_314,1,removal,removal,False,0,0,False,INVARIANT
prev_ex_314,2,removal,add_only,True,1,0,False,INVARIANT
prev_ex_314,3,removal,removal,False,0,0,False,INVARIANT
prev_ex_314,4,removal,removal,True,1,1,True,FLIP
prev_ex_314,5,removal,removal,False,0,0,True,FLIP
prev_ex_314,6,removal,removal,False,0,0,True,FLIP
prev_ex_314,7,removal,removal,False,0,0,True,FLIP
prev_ex_315,1,removal,removal,False,0,0,False,INVARIANT
prev_ex_315,2,removal,add_only,True,4,2,False,INVARIANT
prev_ex_315,3,removal,add_only,True,1,1,False,INVARIANT
prev_ex_315,4,removal,removal,True,1,0,True,FLIP
prev_ex_315,5,removal,removal,False,0,0,False,INVARIANT
prev_ex_315,6,removal,removal,False,0,0,False,INVARIANT
prev_ex_315,7,removal,removal,False,0,0,True,FLIP
prev_ex_325,1,removal,removal,False,0,0,True,FLIP
prev_ex_325,2,removal,removal,False,0,0,True,FLIP
prev_ex_325,3,removal,removal,False,0,0,True,FLIP
prev_ex_325,4,removal,removal,False,0,0,True,FLIP
prev_ex_325,5,removal,removal,False,0,0,True,FLIP
prev_ex_325,6,add_only,add_only,False,0,0,False,INVARIANT
prev_ex_325,7,add_only,add_only,False,0,0,False,INVARIANT
prev_ex_328,1,removal,removal,False,0,0,True,FLIP
prev_ex_328,2,removal,removal,False,0,0,True,FLIP
prev_ex_328,3,add_only,add_only,False,0,0,False,INVARIANT
prev_ex_328,4,removal,add_only,True,1,1,False,INVARIANT
prev_ex_328,5,add_only,add_only,False,0,0,False,INVARIANT
prev_ex_328,6,add_only,add_only,False,0,0,False,INVARIANT
prev_ex_328,7,add_only,add_only,False,0,0,False,INVARIANT
prev_ex_329,1,add_only,add_only,False,0,0,False,INVARIANT
prev_ex_329,2,add_only,add_only,False,0,0,False,INVARIANT
prev_ex_329,3,removal,removal,False,0,0,True,FLIP
prev_ex_329,4,add_only,add_only,False,0,0,False,INVARIANT
prev_ex_329,5,removal,removal,True,1,1,True,FLIP
prev_ex_329,6,removal,removal,False,0,0,True,FLIP
prev_ex_329,7,removal,removal,False,0,0,False,INVARIANT
prev_ex_352,1,none,none,False,0,0,True,UNCERTAIN
prev_ex_352,2,add_only,add_only,False,0,0,False,INVARIANT
prev_ex_352,3,add_only,add_only,False,0,0,False,INVARIANT
prev_ex_352,4,removal,removal,False,0,0,True,FLIP
prev_ex_352,5,removal,removal,True,1,0,True,FLIP
prev_ex_352,6,removal,removal,False,0,0,True,FLIP
prev_ex_352,7,removal,removal,False,0,0,True,FLIP
prev_ex_353,1,add_only,add_only,False,0,0,False,INVARIANT
prev_ex_353,2,removal,removal,False,0,0,True,FLIP
prev_ex_353,3,removal,removal,False,0,0,True,FLIP
prev_ex_353,4,removal,removal,False,0,0,True,FLIP
prev_ex_353,5,removal,removal,False,0,0,True,FLIP
prev_ex_353,6,removal,removal,False,0,0,True,FLIP
prev_ex_353,7,removal,removal,False,0,0,True,FLIP
prev_ex_354,1,add_only,add_only,False,0,0,False,INVARIANT
prev_ex_354,2,add_only,add_only,False,0,0,False,INVARIANT
prev_ex_354,3,removal,removal,False,0,0,True,FLIP
prev_ex_354,4,removal,removal,False,0,0,True,FLIP
prev_ex_354,5,add_only,add_only,False,0,0,False,INVARIANT
prev_ex_354,6,add_only,add_only,False,0,0,False,INVARIANT
prev_ex_354,7,removal,removal,False,0,0,True,FLIP
prev_ex_362,1,removal,removal,False,0,0,True,FLIP
prev_ex_362,2,removal,removal,False,0,0,False,INVARIANT
prev_ex_362,3,removal,removal,False,0,0,True,FLIP
prev_ex_362,4,removal,removal,True,1,0,True,FLIP
prev_ex_362,5,removal,removal,True,2,1,False,INVARIANT
prev_ex_362,6,add_only,removal,True,0,0,True,FLIP
prev_ex_362,7,add_only,add_only,False,0,0,False,INVARIANT
prev_ex_363,1,add_only,add_only,False,0,0,False,INVARIANT
prev_ex_363,2,removal,removal,False,0,0,True,FLIP
prev_ex_363,3,add_only,add_only,False,0,0,False,INVARIANT
prev_ex_363,4,removal,removal,False,0,0,True,FLIP
prev_ex_363,5,removal,add_only,True,1,0,False,INVARIANT
prev_ex_363,6,removal,removal,False,0,0,True,FLIP
prev_ex_363,7,removal,removal,False,0,0,True,FLIP
prev_ex_365,1,removal,removal,False,0,0,False,INVARIANT
prev_ex_365,2,add_only,add_only,False,0,0,False,INVARIANT
prev_ex_365,3,removal,removal,True,2,2,False,INVARIANT
prev_ex_365,4,removal,removal,True,3,3,True,FLIP
prev_ex_365,5,removal,removal,False,0,0,True,FLIP
prev_ex_365,6,add_only,add_only,False,0,0,False,INVARIANT
prev_ex_365,7,removal,removal,False,0,0,True,FLIP
prev_ex_368,1,removal,removal,False,0,0,True,FLIP
prev_ex_368,2,removal,removal,True,1,1,True,FLIP
prev_ex_368,3,removal,removal,False,0,0,False,INVARIANT
prev_ex_368,4,removal,removal,False,0,0,True,FLIP
prev_ex_368,5,removal,removal,False,0,0,False,INVARIANT
prev_ex_368,6,removal,removal,False,0,0,True,FLIP
prev_ex_368,7,removal,removal,False,0,0,True,FLIP
prev_ex_372,1,removal,add_only,True,1,0,False,INVARIANT
prev_ex_372,2,removal,removal,False,0,0,True,FLIP
prev_ex_372,3,removal,removal,False,0,0,True,FLIP
prev_ex_372,4,removal,add_only,True,2,0,False,INVARIANT
prev_ex_372,5,removal,removal,True,5,5,True,FLIP
prev_ex_372,6,removal,removal,True,2,2,False,INVARIANT
prev_ex_372,7,add_only,add_only,False,0,0,False,INVARIANT
prev_ex_378,1,removal,add_only,True,3,0,False,INVARIANT
prev_ex_378,2,removal,removal,False,0,0,True,FLIP
prev_ex_378,3,add_only,add_only,False,0,0,False,INVARIANT
prev_ex_378,4,add_only,add_only,False,0,0,False,INVARIANT
prev_ex_378,5,removal,add_only,True,1,1,False,INVARIANT
prev_ex_378,6,removal,removal,False,0,0,True,FLIP
prev_ex_378,7,add_only,add_only,False,0,0,False,INVARIANT
prev_ex_387,1,removal,removal,False,0,0,True,FLIP
prev_ex_387,2,removal,removal,False,0,0,False,INVARIANT
prev_ex_387,3,removal,removal,False,0,0,False,INVARIANT
prev_ex_387,4,removal,removal,False,0,0,False,INVARIANT
prev_ex_387,5,removal,removal,False,0,0,True,FLIP
prev_ex_387,6,removal,removal,False,0,0,True,FLIP
prev_ex_387,7,removal,removal,False,0,0,True,FLIP
prev_ex_396,1,removal,removal,False,0,0,False,INVARIANT
prev_ex_396,2,removal,removal,False,0,0,True,FLIP
prev_ex_396,3,removal,removal,False,0,0,True,FLIP
prev_ex_396,4,removal,removal,False,0,0,False,INVARIANT
prev_ex_396,5,removal,removal,False,0,0,False,INVARIANT
prev_ex_396,6,removal,removal,False,0,0,True,FLIP
prev_ex_396,7,removal,removal,False,0,0,True,FLIP
prev_ex_397,1,removal,removal,False,0,0,False,INVARIANT
prev_ex_397,2,removal,add_only,True,3,3,False,INVARIANT
prev_ex_397,3,removal,removal,False,0,0,True,FLIP
prev_ex_397,4,removal,removal,False,0,0,True,FLIP
prev_ex_397,5,removal,removal,False,0,0,False,INVARIANT
prev_ex_397,6,removal,removal,False,0,0,True,FLIP
prev_ex_397,7,add_only,add_only,False,0,0,False,INVARIANT
prev_ex_406,1,removal,removal,False,0,0,True,FLIP
prev_ex_406,2,removal,removal,False,0,0,True,FLIP
prev_ex_406,3,removal,removal,False,0,0,False,INVARIANT
prev_ex_406,4,removal,removal,False,0,0,True,FLIP
prev_ex_406,5,removal,removal,False,0,0,True,FLIP
prev_ex_406,6,removal,add_only,True,1,0,False,INVARIANT
prev_ex_406,7,add_only,add_only,False,0,0,False,INVARIANT
prev_ex_41,1,removal,removal,False,0,0,True,FLIP
prev_ex_41,2,removal,removal,False,0,0,False,INVARIANT
prev_ex_41,3,removal,removal,False,0,0,True,FLIP
prev_ex_41,4,add_only,add_only,False,0,0,False,INVARIANT
prev_ex_41,5,removal,add_only,True,1,0,False,INVARIANT
prev_ex_41,6,removal,removal,False,0,0,True,FLIP
prev_ex_41,7,removal,removal,False,0,0,False,INVARIANT
prev_ex_420,1,removal,removal,False,0,0,False,INVARIANT
prev_ex_420,2,removal,removal,False,0,0,True,FLIP
prev_ex_420,3,removal,removal,False,0,0,True,FLIP
prev_ex_420,4,removal,removal,False,0,0,True,FLIP
prev_ex_420,5,removal,add_only,True,1,0,True,FLIP
prev_ex_420,6,removal,removal,False,0,0,False,INVARIANT
prev_ex_420,7,add_only,add_only,False,0,0,False,INVARIANT
prev_ex_427,1,removal,removal,False,0,0,True,FLIP
prev_ex_427,2,removal,add_only,True,4,4,False,INVARIANT
prev_ex_427,3,removal,add_only,True,2,0,False,INVARIANT
prev_ex_427,4,removal,removal,False,0,0,True,FLIP
prev_ex_427,5,removal,removal,False,0,0,True,FLIP
prev_ex_427,6,none,none,False,0,0,False,INVARIANT
prev_ex_427,7,removal,add_only,True,1,0,False,INVARIANT
prev_ex_431,1,removal,add_only,True,5,6,False,INVARIANT
prev_ex_431,2,removal,removal,True,8,6,True,FLIP
prev_ex_431,3,removal,removal,False,0,0,True,FLIP
prev_ex_431,4,removal,removal,False,0,0,True,FLIP
prev_ex_431,5,removal,removal,False,0,0,True,FLIP
prev_ex_431,6,removal,none,True,1,1,True,FLIP
prev_ex_431,7,removal,removal,False,0,0,True,FLIP
prev_ex_436,1,removal,removal,False,0,0,True,FLIP
prev_ex_436,2,removal,removal,False,0,0,True,FLIP
prev_ex_436,3,removal,removal,False,0,0,False,INVARIANT
prev_ex_436,4,add_only,add_only,False,0,0,False,INVARIANT
prev_ex_436,5,removal,removal,False,0,0,True,FLIP
prev_ex_436,6,removal,removal,False,0,0,True,FLIP
prev_ex_436,7,removal,removal,False,0,0,True,FLIP
prev_ex_447,1,removal,add_only,True,4,0,False,INVARIANT
prev_ex_447,2,add_only,add_only,False,0,0,False,INVARIANT
prev_ex_447,3,removal,removal,False,0,0,True,FLIP
prev_ex_447,4,removal,removal,False,0,0,False,INVARIANT
prev_ex_447,5,removal,add_only,True,4,3,False,INVARIANT
prev_ex_447,6,removal,removal,False,0,0,True,FLIP
prev_ex_447,7,add_only,add_only,False,0,0,False,INVARIANT
prev_ex_450,1,removal,removal,False,0,0,True,FLIP
prev_ex_450,2,removal,removal,False,0,0,True,FLIP
prev_ex_450,3,add_only,add_only,False,0,0,False,INVARIANT
prev_ex_450,4,removal,removal,False,0,0,True,FLIP
prev_ex_450,5,add_only,add_only,False,0,0,False,INVARIANT
prev_ex_450,6,add_only,add_only,False,0,0,False,INVARIANT
prev_ex_450,7,removal,add_only,True,8,8,False,INVARIANT
prev_ex_451,1,removal,removal,False,0,0,True,FLIP
prev_ex_451,2,removal,removal,False,0,0,True,FLIP
prev_ex_451,3,removal,removal,False,0,0,True,FLIP
prev_ex_451,4,removal,removal,False,0,0,True,FLIP
prev_ex_451,5,removal,removal,False,0,0,True,FLIP
prev_ex_451,6,removal,add_only,True,2,0,False,INVARIANT
prev_ex_451,7,removal,removal,False,0,0,True,FLIP
prev_ex_457,1,removal,removal,False,0,0,True,FLIP
prev_ex_457,2,removal,removal,False,0,0,True,FLIP
prev_ex_457,3,removal,add_only,True,1,0,False,INVARIANT
prev_ex_457,4,removal,removal,False,0,0,True,FLIP
prev_ex_457,5,removal,removal,False,0,0,False,INVARIANT
prev_ex_457,6,removal,removal,False,0,0,True,FLIP
prev_ex_457,7,add_only,add_only,False,0,0,False,INVARIANT
prev_ex_466,1,add_only,add_only,False,0,0,True,FLIP
prev_ex_466,2,removal,removal,False,0,0,True,FLIP
prev_ex_466,3,removal,removal,False,0,0,True,FLIP
prev_ex_466,4,removal,removal,False,0,0,True,FLIP
prev_ex_466,5,add_only,add_only,False,0,0,False,INVARIANT
prev_ex_466,6,removal,removal,False,0,0,False,INVARIANT
prev_ex_466,7,removal,removal,False,0,0,False,INVARIANT
prev_ex_467,1,removal,removal,False,0,0,False,INVARIANT
prev_ex_467,2,add_only,add_only,False,0,0,True,FLIP
prev_ex_467,3,removal,removal,False,0,0,True,FLIP
prev_ex_467,4,add_only,add_only,False,0,0,False,INVARIANT
prev_ex_467,5,removal,removal,False,0,0,True,FLIP
prev_ex_467,6,removal,removal,False,0,0,True,FLIP
prev_ex_467,7,removal,removal,False,0,0,True,FLIP
prev_ex_484,1,add_only,add_only,False,0,0,False,INVARIANT
prev_ex_484,2,removal,removal,True,2,0,False,INVARIANT
prev_ex_484,3,removal,removal,False,0,0,True,FLIP
prev_ex_484,4,removal,removal,False,0,0,True,FLIP
prev_ex_484,5,removal,removal,False,0,0,True,FLIP
prev_ex_484,6,removal,removal,False,0,0,False,INVARIANT
prev_ex_484,7,removal,removal,False,0,0,True,FLIP
prev_ex_494,1,removal,removal,False,0,0,True,FLIP
prev_ex_494,2,removal,removal,False,0,0,False,INVARIANT
prev_ex_494,3,removal,removal,False,0,0,False,INVARIANT
prev_ex_494,4,removal,removal,False,0,0,True,FLIP
prev_ex_494,5,add_only,add_only,False,0,0,False,INVARIANT
prev_ex_494,6,add_only,add_only,False,0,0,False,INVARIANT
prev_ex_494,7,removal,removal,False,0,0,True,FLIP
prev_ex_498,1,removal,removal,True,1,1,False,INVARIANT
prev_ex_498,2,removal,removal,False,0,0,True,FLIP
prev_ex_498,3,removal,removal,False,0,0,False,INVARIANT
prev_ex_498,4,removal,removal,False,0,0,True,FLIP
prev_ex_498,5,removal,removal,True,2,2,True,FLIP
prev_ex_498,6,removal,add_only,True,4,0,False,INVARIANT
prev_ex_498,7,removal,add_only,True,5,0,False,INVARIANT
prev_ex_50,1,removal,removal,True,1,0,True,FLIP
prev_ex_50,2,removal,removal,False,0,0,True,FLIP
prev_ex_50,3,removal,removal,False,0,0,True,FLIP
prev_ex_50,4,removal,removal,False,0,0,True,FLIP
prev_ex_50,5,removal,removal,False,0,0,True,FLIP
prev_ex_50,6,removal,removal,False,0,0,True,FLIP
prev_ex_50,7,removal,removal,False,0,0,True,FLIP
prev_ex_57,1,removal,add_only,True,2,2,False,INVARIANT
prev_ex_57,2,removal,removal,False,0,0,True,FLIP
prev_ex_57,3,removal,add_only,True,7,7,False,INVARIANT
prev_ex_57,4,removal,removal,False,0,0,True,FLIP
prev_ex_57,5,removal,removal,False,0,0,True,FLIP
prev_ex_57,6,add_only,add_only,True,0,0,False,INVARIANT
prev_ex_57,7,removal,removal,False,0,0,False,INVARIANT
prev_ex_76,1,add_only,add_only,False,0,0,False,INVARIANT
prev_ex_76,2,removal,removal,False,0,0,True,FLIP
prev_ex_76,3,add_only,add_only,False,0,0,False,INVARIANT
prev_ex_76,4,removal,removal,False,0,0,True,FLIP
prev_ex_76,5,removal,removal,False,0,0,True,FLIP
prev_ex_76,6,removal,removal,False,0,0,False,INVARIANT
prev_ex_76,7,removal,removal,False,0,0,True,FLIP
prev_ex_77,1,removal,removal,False,0,0,True,FLIP
prev_ex_77,2,removal,removal,False,0,0,False,INVARIANT
prev_ex_77,3,removal,removal,False,0,0,True,FLIP
prev_ex_77,4,add_only,add_only,False,0,0,False,INVARIANT
prev_ex_77,5,removal,removal,False,0,0,True,FLIP
prev_ex_77,6,removal,removal,False,0,0,True,FLIP
prev_ex_77,7,removal,removal,True,1,1,True,FLIP
prev_ex_82,1,removal,removal,True,1,0,True,FLIP
prev_ex_82,2,removal,removal,False,0,0,True,FLIP
prev_ex_82,3,removal,removal,False,0,0,True,FLIP
prev_ex_82,4,removal,removal,False,0,0,True,FLIP
prev_ex_82,5,removal,removal,False,0,0,True,FLIP
prev_ex_82,6,removal,removal,False,0,0,True,FLIP
prev_ex_82,7,removal,removal,True,1,1,True,FLIP
prev_ex_84,1,add_only,add_only,False,0,0,False,INVARIANT
prev_ex_84,2,removal,add_only,True,2,2,False,INVARIANT
prev_ex_84,3,removal,removal,False,0,0,True,FLIP
prev_ex_84,4,removal,add_only,True,2,0,False,INVARIANT
prev_ex_84,5,removal,add_only,True,2,0,False,INVARIANT
prev_ex_84,6,add_only,add_only,False,0,0,False,INVARIANT
prev_ex_84,7,removal,removal,False,0,0,True,FLIP
prev_ex_85,1,add_only,add_only,False,0,0,False,INVARIANT
prev_ex_85,2,removal,removal,False,0,0,True,FLIP
prev_ex_85,3,add_only,add_only,False,0,0,False,INVARIANT
prev_ex_85,4,add_only,add_only,False,0,0,False,INVARIANT
prev_ex_85,5,removal,removal,False,0,0,True,FLIP
prev_ex_85,6,removal,add_only,True,1,0,True,FLIP
prev_ex_85,7,removal,removal,False,0,0,True,FLIP
prev_ex_88,1,add_only,add_only,False,0,0,False,INVARIANT
prev_ex_88,2,removal,removal,False,0,0,True,FLIP
prev_ex_88,3,removal,removal,False,0,0,False,INVARIANT
prev_ex_88,4,removal,removal,False,0,0,False,INVARIANT
prev_ex_88,5,removal,removal,True,26,0,True,FLIP
prev_ex_88,6,removal,removal,False,0,0,False,INVARIANT
prev_ex_88,7,removal,removal,True,1,0,False,INVARIANT
prev_ex_9,1,removal,removal,False,0,0,True,FLIP
prev_ex_9,2,add_only,add_only,False,0,0,False,INVARIANT
prev_ex_9,3,removal,removal,False,0,0,True,FLIP
prev_ex_9,4,removal,removal,False,0,0,True,FLIP
prev_ex_9,5,removal,removal,False,0,0,False,INVARIANT
prev_ex_9,6,removal,removal,True,1,0,True,FLIP
prev_ex_9,7,removal,add_only,True,1,0,True,FLIP
prev_ex_99,1,removal,removal,False,0,0,True,FLIP
prev_ex_99,2,removal,removal,False,0,0,False,INVARIANT
prev_ex_99,3,add_only,add_only,False,0,0,False,INVARIANT
prev_ex_99,4,removal,removal,False,0,0,True,FLIP
prev_ex_99,5,removal,removal,False,0,0,True,FLIP
prev_ex_99,6,removal,removal,True,2,2,True,FLIP
prev_ex_99,7,removal,removal,False,0,0,True,FLIP
